0,190.0,7.0,0,400.0,2880
1,190.0,7.0,0,400.0,72960
2,190.0,7.0,0,400.0,73680
3,190.0,7.0,0,400.0,74400
4,190.0,7.0,0,400.0,75120
5,190.0,7.0,0,400.0,79680
6,190.0,7.0,0,400.0,80580
7,190.0,7.0,0,400.0,85980
8,190.0,7.0,0,400.0,1680
9,190.0,7.0,0,400.0,18600
10,190.0,7.0,0,400.0,19500
11,190.0,7.0,0,400.0,83280
12,190.0,7.0,0,400.0,85080
13,190.0,7.0,0,400.0,4080
14,190.0,7.0,0,400.0,75840
15,190.0,7.0,0,400.0,72240
16,107.0,9.0,0,400.0,18000
17,107.0,9.0,0,400.0,19800
18,107.0,9.0,0,400.0,21600
19,107.0,9.0,0,400.0,23400
20,107.0,9.0,0,400.0,25200
21,107.0,9.0,0,400.0,27000
22,107.0,9.0,0,400.0,28800
23,107.0,9.0,0,400.0,30600
24,107.0,9.0,0,400.0,32400
25,107.0,9.0,0,400.0,34200
26,107.0,9.0,0,400.0,36000
27,107.0,9.0,0,400.0,37800
28,107.0,9.0,0,400.0,39600
29,107.0,9.0,0,400.0,41400
30,107.0,9.0,0,400.0,43200
31,107.0,9.0,0,400.0,45000
32,107.0,9.0,0,400.0,52200
33,107.0,9.0,0,400.0,46800
34,107.0,9.0,0,400.0,48600
35,107.0,9.0,0,400.0,50400
36,107.0,9.0,0,400.0,59400
37,107.0,9.0,0,400.0,54000
38,107.0,9.0,0,400.0,55800
39,107.0,9.0,0,400.0,57600
40,107.0,9.0,0,400.0,61200
41,107.0,9.0,0,400.0,63000
42,107.0,9.0,0,400.0,70200
43,107.0,9.0,0,400.0,64800
44,107.0,9.0,0,400.0,66600
45,107.0,9.0,0,400.0,68400
46,107.0,9.0,0,400.0,72000
47,107.0,9.0,0,400.0,73800
48,107.0,9.0,0,400.0,75600
49,107.0,9.0,0,400.0,77400
50,107.0,9.0,0,400.0,79200
51,107.0,9.0,0,400.0,81000
52,107.0,9.0,0,400.0,82800
53,107.0,9.0,0,400.0,18900
54,107.0,9.0,0,400.0,20700
55,107.0,9.0,0,400.0,22500
56,107.0,9.0,0,400.0,24600
57,107.0,9.0,0,400.0,26400
58,107.0,9.0,0,400.0,28200
59,107.0,9.0,0,400.0,30000
60,107.0,9.0,0,400.0,31800
61,107.0,9.0,0,400.0,33600
62,107.0,9.0,0,400.0,35400
63,107.0,9.0,0,400.0,24000
64,107.0,9.0,0,400.0,25800
65,107.0,9.0,0,400.0,27600
66,107.0,9.0,0,400.0,29400
67,107.0,9.0,0,400.0,34800
68,107.0,9.0,0,400.0,36900
69,107.0,9.0,0,400.0,31200
70,107.0,9.0,0,400.0,33000
71,107.0,9.0,0,400.0,38700
72,107.0,9.0,0,400.0,40500
73,107.0,9.0,0,400.0,42300
74,107.0,9.0,0,400.0,44100
75,107.0,9.0,0,400.0,45900
76,107.0,9.0,0,400.0,47700
77,107.0,9.0,0,400.0,49500
78,107.0,9.0,0,400.0,51600
79,107.0,9.0,0,400.0,53400
80,107.0,9.0,0,400.0,55200
81,107.0,9.0,0,400.0,57000
82,107.0,9.0,0,400.0,64200
83,107.0,9.0,0,400.0,58800
84,107.0,9.0,0,400.0,60600
85,107.0,9.0,0,400.0,62400
86,107.0,9.0,0,400.0,66000
87,107.0,9.0,0,400.0,67800
88,107.0,9.0,0,400.0,69600
89,107.0,9.0,0,400.0,51000
90,107.0,9.0,0,400.0,52800
91,107.0,9.0,0,400.0,54600
92,107.0,9.0,0,400.0,56400
93,107.0,9.0,0,400.0,58200
94,107.0,9.0,0,400.0,60000
95,107.0,9.0,0,400.0,61800
96,107.0,9.0,0,400.0,63600
97,107.0,9.0,0,400.0,65400
98,107.0,9.0,0,400.0,71100
99,107.0,9.0,0,400.0,67200
100,107.0,9.0,0,400.0,69000
101,107.0,9.0,0,400.0,78300
102,107.0,9.0,0,400.0,72900
103,107.0,9.0,0,400.0,74700
104,107.0,9.0,0,400.0,76500
105,107.0,9.0,0,400.0,80100
106,107.0,9.0,0,400.0,81900
107,107.0,9.0,0,400.0,84000
108,190.0,7.0,0,400.0,82380
109,190.0,7.0,0,400.0,41220
110,190.0,7.0,0,400.0,46620
111,190.0,7.0,0,400.0,39420
112,190.0,7.0,0,400.0,41820
113,190.0,7.0,0,400.0,43620
114,190.0,7.0,0,400.0,46020
115,190.0,7.0,0,400.0,48420
116,190.0,7.0,0,400.0,49620
117,190.0,7.0,0,400.0,40020
118,190.0,7.0,0,400.0,49020
119,190.0,7.0,0,400.0,42420
120,190.0,7.0,0,400.0,44820
121,190.0,7.0,0,400.0,47220
122,190.0,7.0,0,400.0,52020
123,190.0,7.0,0,400.0,50820
124,190.0,7.0,0,400.0,43020
125,190.0,7.0,0,400.0,52620
126,190.0,7.0,0,400.0,50220
127,190.0,7.0,0,400.0,45420
128,190.0,7.0,0,400.0,84180
129,190.0,7.0,0,400.0,76560
130,190.0,7.0,0,400.0,77280
131,190.0,7.0,0,400.0,78000
132,190.0,7.0,0,400.0,78780
133,190.0,7.0,0,400.0,86880
134,190.0,7.0,0,400.0,44220
135,190.0,7.0,0,400.0,47820
136,190.0,7.0,0,400.0,51420
137,190.0,7.0,0,400.0,40620
138,190.0,7.0,0,400.0,81480
139,230.0,3.0,0,400.0,8670
140,1.0,4.0,0,400.0,14400
141,1.0,4.0,0,400.0,15840
142,1.0,4.0,0,500.0,19800
143,1.0,4.0,0,466.0,21000
144,1.0,4.0,0,600.0,22200
145,1.0,4.0,0,500.0,24600
146,1.0,4.0,0,600.0,25650
147,1.0,4.0,0,600.0,27450
148,1.0,4.0,0,466.0,28800
149,1.0,4.0,0,500.0,29700
150,1.0,4.0,0,600.0,31050
151,1.0,4.0,0,500.0,31500
152,1.0,4.0,0,450.0,32400
153,1.0,4.0,0,600.0,33600
154,1.0,4.0,0,600.0,34800
155,1.0,4.0,0,350.0,36000
156,1.0,4.0,0,300.0,37200
157,1.0,4.0,0,400.0,39000
158,1.0,4.0,0,400.0,40200
159,1.0,4.0,0,400.0,42000
160,1.0,4.0,0,400.0,43200
161,1.0,4.0,0,400.0,44400
162,1.0,4.0,0,400.0,46200
163,1.0,4.0,0,400.0,47400
164,1.0,4.0,0,400.0,48600
165,1.0,4.0,0,500.0,54600
166,1.0,4.0,0,500.0,55800
167,1.0,4.0,0,600.0,56700
168,1.0,4.0,0,600.0,58950
169,1.0,4.0,0,600.0,59850
170,1.0,4.0,0,600.0,62550
171,1.0,4.0,0,466.0,64800
172,1.0,4.0,0,300.0,66000
173,1.0,4.0,0,400.0,67200
174,1.0,4.0,0,400.0,68400
175,1.0,4.0,0,400.0,74160
176,1.0,4.0,0,400.0,69600
177,1.0,4.0,0,400.0,71400
178,1.0,4.0,0,400.0,72720
179,1.0,4.0,0,400.0,75600
180,1.0,4.0,0,400.0,77040
181,1.0,4.0,0,400.0,78480
182,1.0,4.0,0,400.0,80100
183,1.0,4.0,0,400.0,81900
184,1.0,4.0,0,400.0,83700
185,1.0,4.0,0,400.0,85500
186,1.0,4.0,0,400.0,900
187,1.0,4.0,0,400.0,2700
188,1.0,4.0,0,400.0,15120
189,1.0,4.0,0,400.0,16560
190,1.0,4.0,0,600.0,20400
191,1.0,4.0,0,500.0,25200
192,1.0,4.0,0,450.0,26100
193,1.0,4.0,0,500.0,21600
194,1.0,4.0,0,600.0,22800
195,1.0,4.0,0,600.0,24000
196,1.0,4.0,0,466.0,27900
197,1.0,4.0,0,600.0,30150
198,1.0,4.0,0,600.0,31950
199,1.0,4.0,0,400.0,33000
200,1.0,4.0,0,500.0,34200
201,1.0,4.0,0,333.0,35400
202,1.0,4.0,0,400.0,36600
203,1.0,4.0,0,300.0,38400
204,1.0,4.0,0,400.0,39600
205,1.0,4.0,0,400.0,40800
206,1.0,4.0,0,400.0,42600
207,1.0,4.0,0,400.0,43800
208,1.0,4.0,0,400.0,49200
209,1.0,4.0,0,400.0,45600
210,1.0,4.0,0,400.0,46800
211,1.0,4.0,0,400.0,48000
212,1.0,4.0,0,500.0,51600
213,1.0,4.0,0,500.0,52800
214,1.0,4.0,0,450.0,54000
215,1.0,4.0,0,500.0,55200
216,1.0,4.0,0,600.0,56250
217,1.0,4.0,0,600.0,58500
218,1.0,4.0,0,500.0,59400
219,1.0,4.0,0,600.0,60300
220,1.0,4.0,0,500.0,62100
221,1.0,4.0,0,533.0,63000
222,1.0,4.0,0,533.0,64200
223,1.0,4.0,0,500.0,65400
224,1.0,4.0,0,500.0,66600
225,1.0,4.0,0,400.0,72000
226,1.0,4.0,0,400.0,67800
227,1.0,4.0,0,400.0,74880
228,1.0,4.0,0,400.0,69000
229,1.0,4.0,0,400.0,70800
230,1.0,4.0,0,400.0,73440
231,1.0,4.0,0,400.0,76320
232,1.0,4.0,0,400.0,77760
233,1.0,4.0,0,400.0,79200
234,1.0,4.0,0,400.0,81000
235,1.0,4.0,0,400.0,82800
236,1.0,4.0,0,400.0,84600
237,1.0,4.0,0,400.0,0
238,1.0,4.0,0,400.0,1800
239,1.0,4.0,0,400.0,3600
240,17.0,4.0,1,400.0,15600
241,17.0,4.0,1,400.0,17400
242,17.0,4.0,1,400.0,79200
243,44.0,4.0,1,400.0,20340
244,44.0,4.0,1,400.0,21720
245,44.0,4.0,1,400.0,22980
246,44.0,4.0,1,400.0,24180
247,44.0,4.0,1,400.0,25260
248,44.0,4.0,1,400.0,26190
249,17.0,4.0,1,600.0,26400
250,44.0,4.0,1,600.0,27990
251,44.0,4.0,1,600.0,28890
252,44.0,4.0,1,600.0,30690
253,44.0,4.0,1,600.0,31590
254,17.0,4.0,1,400.0,36600
255,17.0,4.0,1,400.0,37800
256,17.0,4.0,1,400.0,39000
257,17.0,4.0,1,400.0,45000
258,17.0,4.0,1,400.0,40200
259,17.0,4.0,1,400.0,41400
260,17.0,4.0,1,400.0,43800
261,17.0,4.0,1,400.0,46200
262,17.0,4.0,1,400.0,47400
263,17.0,4.0,1,400.0,48600
264,44.0,4.0,1,400.0,50640
265,44.0,4.0,1,400.0,51840
266,44.0,4.0,1,400.0,53040
267,44.0,4.0,1,600.0,54240
268,44.0,4.0,1,400.0,55440
269,17.0,4.0,1,400.0,61980
270,44.0,4.0,1,400.0,56370
271,44.0,4.0,1,600.0,59970
272,44.0,4.0,1,600.0,60870
273,17.0,4.0,1,533.0,63000
274,17.0,4.0,1,500.0,65400
275,17.0,4.0,1,500.0,66600
276,17.0,4.0,1,400.0,69000
277,17.0,4.0,1,400.0,70200
278,17.0,4.0,1,400.0,71400
279,17.0,4.0,1,400.0,72600
280,17.0,4.0,1,400.0,73800
281,17.0,4.0,1,400.0,75000
282,44.0,4.0,1,400.0,77280
283,44.0,4.0,1,400.0,78720
284,17.0,4.0,1,400.0,80640
285,17.0,4.0,1,400.0,82080
286,17.0,4.0,1,400.0,83580
287,44.0,4.0,1,400.0,16740
288,44.0,4.0,1,440.0,33840
289,17.0,4.0,1,440.0,85380
290,17.0,4.0,1,440.0,780
291,17.0,4.0,1,440.0,2580
292,17.0,4.0,1,600.0,22140
293,44.0,4.0,1,600.0,14940
294,17.0,4.0,1,400.0,19200
295,17.0,4.0,1,350.0,20820
296,17.0,4.0,1,600.0,23340
297,17.0,4.0,1,600.0,24540
298,17.0,4.0,1,400.0,25500
299,17.0,4.0,1,600.0,27300
300,17.0,4.0,1,500.0,28200
301,17.0,4.0,1,600.0,29100
302,17.0,4.0,1,600.0,30900
303,17.0,4.0,1,400.0,31800
304,44.0,4.0,1,400.0,38640
305,44.0,4.0,1,600.0,35040
306,44.0,4.0,1,600.0,36240
307,44.0,4.0,1,400.0,37440
308,44.0,4.0,1,400.0,39840
309,44.0,4.0,1,400.0,41040
310,44.0,4.0,1,400.0,43440
311,44.0,4.0,1,400.0,44640
312,44.0,4.0,1,400.0,45840
313,44.0,4.0,1,400.0,47040
314,44.0,4.0,1,400.0,48240
315,17.0,4.0,1,400.0,51000
316,17.0,4.0,1,400.0,52200
317,17.0,4.0,1,400.0,53400
318,17.0,4.0,1,500.0,54600
319,17.0,4.0,1,400.0,55680
320,17.0,4.0,1,400.0,57480
321,17.0,4.0,1,400.0,58380
322,44.0,4.0,1,600.0,62670
323,17.0,4.0,1,400.0,59280
324,17.0,4.0,1,400.0,60180
325,44.0,4.0,1,600.0,61770
326,44.0,4.0,1,600.0,65040
327,44.0,4.0,1,400.0,69840
328,44.0,4.0,1,400.0,66240
329,44.0,4.0,1,400.0,67440
330,44.0,4.0,1,400.0,68640
331,44.0,4.0,1,400.0,71040
332,44.0,4.0,1,400.0,72240
333,44.0,4.0,1,400.0,73440
334,44.0,4.0,1,400.0,74640
335,17.0,4.0,1,400.0,76320
336,17.0,4.0,1,400.0,77760
337,44.0,4.0,1,400.0,81600
338,44.0,4.0,1,400.0,1920
339,44.0,4.0,1,400.0,83040
340,44.0,4.0,1,400.0,84720
341,44.0,4.0,1,400.0,120
342,44.0,4.0,1,400.0,3720
343,1.0,4.0,0,400.0,17280
344,1.0,4.0,0,400.0,19200
345,1.0,4.0,0,400.0,52200
346,1.0,4.0,0,500.0,49800
347,44.0,4.0,1,500.0,80160
348,1.0,4.0,0,400.0,18600
349,1.0,4.0,0,400.0,18000
350,17.0,4.0,1,400.0,13800
351,17.0,4.0,1,333.0,35400
352,1.0,4.0,0,600.0,61650
353,1.0,4.0,0,400.0,50400
354,44.0,4.0,1,600.0,58170
355,1.0,4.0,0,600.0,29250
356,44.0,4.0,1,400.0,49440
357,1.0,4.0,0,400.0,51000
358,17.0,4.0,1,400.0,61080
359,1.0,4.0,0,600.0,28350
360,17.0,4.0,1,500.0,34200
361,1.0,4.0,0,600.0,58050
362,1.0,4.0,0,600.0,30600
363,44.0,4.0,1,600.0,59070
364,1.0,4.0,0,500.0,63600
365,17.0,4.0,1,400.0,67800
366,1.0,4.0,0,400.0,37800
367,44.0,4.0,1,400.0,75840
368,17.0,4.0,1,500.0,49800
369,44.0,4.0,1,400.0,42240
370,1.0,4.0,0,400.0,45000
371,1.0,4.0,0,400.0,41400
372,1.0,4.0,0,400.0,70200
373,17.0,4.0,1,400.0,42600
374,1.0,4.0,0,533.0,23400
375,44.0,4.0,1,533.0,27090
376,1.0,4.0,0,600.0,26550
377,1.0,4.0,0,500.0,27000
378,44.0,4.0,1,600.0,32640
379,17.0,4.0,1,600.0,30000
380,44.0,4.0,1,600.0,29790
381,17.0,4.0,1,400.0,33000
382,1.0,4.0,0,466.0,57600
383,1.0,4.0,0,400.0,53400
384,1.0,4.0,0,600.0,57150
385,1.0,4.0,0,450.0,61200
386,1.0,4.0,0,600.0,60750
387,44.0,4.0,1,600.0,63840
388,44.0,4.0,1,600.0,57270
389,17.0,4.0,1,600.0,56580
390,17.0,4.0,1,533.0,64200
391,44.0,4.0,1,533.0,18540
392,150.0,6.0,1,400.0,14580
393,150.0,6.0,1,400.0,19860
394,150.0,6.0,1,400.0,24840
395,150.0,6.0,1,400.0,29460
396,150.0,6.0,1,400.0,34320
397,150.0,6.0,1,400.0,39360
398,150.0,6.0,1,400.0,44400
399,150.0,6.0,1,400.0,49440
400,150.0,6.0,1,400.0,54240
401,150.0,6.0,1,400.0,59160
402,150.0,6.0,1,400.0,63840
403,150.0,6.0,1,400.0,68640
404,150.0,6.0,1,400.0,73680
405,150.0,6.0,1,400.0,78720
406,150.0,6.0,1,400.0,26910
407,150.0,6.0,1,400.0,31500
408,150.0,6.0,1,400.0,36120
409,150.0,6.0,1,400.0,40800
410,150.0,6.0,1,400.0,45840
411,150.0,6.0,1,400.0,50880
412,150.0,6.0,1,400.0,56040
413,150.0,6.0,1,400.0,60690
414,150.0,6.0,1,400.0,65640
415,150.0,6.0,1,400.0,17280
416,150.0,6.0,1,400.0,21900
417,150.0,6.0,1,400.0,26400
418,150.0,6.0,1,400.0,30990
419,150.0,6.0,1,400.0,35520
420,150.0,6.0,1,400.0,40080
421,150.0,6.0,1,400.0,45120
422,150.0,6.0,1,400.0,50160
423,150.0,6.0,1,400.0,55440
424,150.0,6.0,1,400.0,60180
425,150.0,6.0,1,400.0,65040
426,150.0,6.0,1,400.0,70080
427,150.0,6.0,1,400.0,75120
428,150.0,6.0,1,400.0,24300
429,150.0,6.0,1,400.0,28950
430,150.0,6.0,1,400.0,33720
431,150.0,6.0,1,400.0,38640
432,150.0,6.0,1,400.0,43680
433,150.0,6.0,1,400.0,48720
434,150.0,6.0,1,400.0,53640
435,150.0,6.0,1,400.0,72960
436,150.0,6.0,1,400.0,58650
437,150.0,6.0,1,400.0,63240
438,150.0,6.0,1,400.0,68040
439,150.0,6.0,1,400.0,78000
440,150.0,6.0,1,400.0,82920
441,150.0,6.0,1,400.0,1320
442,150.0,6.0,1,400.0,19020
443,150.0,6.0,1,400.0,23700
444,150.0,6.0,1,400.0,28440
445,150.0,6.0,1,400.0,33120
446,150.0,6.0,1,400.0,37920
447,150.0,6.0,1,400.0,42960
448,150.0,6.0,1,400.0,48000
449,150.0,6.0,1,400.0,53040
450,150.0,6.0,1,400.0,58140
451,150.0,6.0,1,400.0,62730
452,150.0,6.0,1,400.0,67440
453,150.0,6.0,1,400.0,72240
454,150.0,6.0,1,400.0,77280
455,150.0,6.0,1,400.0,82020
456,150.0,6.0,1,400.0,25890
457,150.0,6.0,1,400.0,120
458,150.0,6.0,1,400.0,16380
459,150.0,6.0,1,400.0,21300
460,150.0,6.0,1,400.0,30480
461,150.0,6.0,1,400.0,23100
462,150.0,6.0,1,400.0,34920
463,150.0,6.0,1,400.0,15480
464,150.0,6.0,1,400.0,20580
465,150.0,6.0,1,400.0,25380
466,150.0,6.0,1,400.0,29970
467,150.0,6.0,1,400.0,18180
468,150.0,6.0,1,400.0,27930
469,150.0,6.0,1,400.0,32520
470,150.0,6.0,1,400.0,52320
471,150.0,6.0,1,400.0,37320
472,150.0,6.0,1,400.0,42240
473,150.0,6.0,1,400.0,47280
474,150.0,6.0,1,400.0,57120
475,150.0,6.0,1,400.0,61710
476,150.0,6.0,1,400.0,66240
477,150.0,6.0,1,400.0,70800
478,150.0,6.0,1,400.0,75840
479,150.0,6.0,1,400.0,80280
480,150.0,6.0,1,400.0,84720
481,150.0,6.0,1,400.0,32010
482,150.0,6.0,1,400.0,36720
483,150.0,6.0,1,400.0,22500
484,150.0,6.0,1,400.0,27420
485,150.0,6.0,1,400.0,41520
486,150.0,6.0,1,400.0,46560
487,150.0,6.0,1,400.0,51600
488,150.0,6.0,1,400.0,56580
489,150.0,6.0,1,400.0,61200
490,150.0,6.0,1,400.0,54840
491,150.0,6.0,1,400.0,59670
492,150.0,6.0,1,400.0,64440
493,150.0,6.0,1,400.0,69360
494,150.0,6.0,1,400.0,74400
495,150.0,6.0,1,400.0,79500
496,150.0,6.0,1,400.0,83820
497,150.0,6.0,1,400.0,2520
498,150.0,6.0,1,400.0,57630
499,150.0,6.0,1,400.0,62220
500,150.0,6.0,1,400.0,66840
501,150.0,6.0,1,400.0,71520
502,150.0,6.0,1,400.0,76560
503,150.0,6.0,1,400.0,81120
504,150.0,6.0,1,400.0,85620
505,150.0,6.0,1,400.0,3720
506,205.0,7.0,0,600.0,70200
507,205.0,7.0,0,600.0,1680
508,205.0,7.0,0,600.0,37500
509,205.0,7.0,0,400.0,71640
510,205.0,7.0,0,400.0,72360
511,205.0,7.0,0,400.0,73080
512,205.0,7.0,0,400.0,73800
513,205.0,7.0,0,400.0,78120
514,205.0,7.0,0,400.0,78840
515,205.0,7.0,0,400.0,84600
516,205.0,7.0,0,400.0,0
517,205.0,7.0,0,400.0,900
518,205.0,7.0,0,400.0,5280
519,190.0,7.0,0,400.0,22200
520,190.0,7.0,0,400.0,15900
521,190.0,7.0,0,400.0,16800
522,190.0,7.0,0,400.0,17700
523,205.0,7.0,0,400.0,17280
524,205.0,7.0,0,400.0,18180
525,190.0,7.0,0,400.0,23100
526,205.0,7.0,0,600.0,35700
527,190.0,7.0,0,600.0,54480
528,190.0,7.0,0,600.0,55680
529,205.0,7.0,0,600.0,68400
530,205.0,7.0,0,600.0,36900
531,190.0,7.0,0,600.0,53880
532,190.0,7.0,0,400.0,20400
533,205.0,7.0,0,400.0,4080
534,205.0,7.0,0,600.0,35100
535,205.0,7.0,0,600.0,27540
536,205.0,7.0,0,600.0,30540
537,205.0,7.0,0,600.0,19080
538,205.0,7.0,0,600.0,19980
539,205.0,7.0,0,600.0,20880
540,205.0,7.0,0,600.0,23460
541,205.0,7.0,0,600.0,24960
542,205.0,7.0,0,600.0,26160
543,205.0,7.0,0,600.0,27120
544,205.0,7.0,0,600.0,28020
545,205.0,7.0,0,600.0,28860
546,205.0,7.0,0,600.0,29880
547,205.0,7.0,0,600.0,32100
548,205.0,7.0,0,600.0,54600
549,205.0,7.0,0,600.0,33000
550,205.0,7.0,0,600.0,33900
551,205.0,7.0,0,600.0,53700
552,205.0,7.0,0,600.0,58620
553,205.0,7.0,0,600.0,59400
554,205.0,7.0,0,600.0,60120
555,205.0,7.0,0,600.0,60420
556,205.0,7.0,0,600.0,60720
557,205.0,7.0,0,600.0,61080
558,205.0,7.0,0,600.0,62520
559,205.0,7.0,0,600.0,63240
560,205.0,7.0,0,600.0,64800
561,205.0,7.0,0,600.0,65700
562,205.0,7.0,0,600.0,66600
563,205.0,7.0,0,600.0,51900
564,205.0,7.0,0,600.0,52800
565,205.0,7.0,0,600.0,24240
566,205.0,7.0,0,600.0,26640
567,205.0,7.0,0,600.0,28440
568,205.0,7.0,0,466.0,25680
569,205.0,7.0,0,466.0,59820
570,205.0,7.0,0,600.0,58380
571,205.0,7.0,0,600.0,61800
572,205.0,7.0,0,600.0,31260
573,205.0,7.0,0,600.0,56100
574,205.0,7.0,0,600.0,21780
575,205.0,7.0,0,600.0,56820
576,205.0,7.0,0,600.0,55380
577,205.0,7.0,0,600.0,64020
578,205.0,7.0,0,600.0,22620
579,190.0,7.0,0,600.0,21300
580,205.0,7.0,0,400.0,81900
581,205.0,7.0,0,400.0,83700
582,205.0,7.0,0,400.0,29280
583,205.0,7.0,0,600.0,57480
584,190.0,7.0,0,600.0,55080
585,190.0,7.0,0,600.0,53280
586,205.0,7.0,0,600.0,58860
587,205.0,7.0,0,600.0,2880
588,205.0,7.0,0,600.0,59100
589,205.0,7.0,0,400.0,74520
590,205.0,7.0,0,500.0,70920
591,191.0,9.0,0,200.0,17160
592,191.0,9.0,0,200.0,18960
593,191.0,9.0,0,200.0,20760
594,191.0,9.0,0,200.0,22560
595,191.0,9.0,0,200.0,24360
596,191.0,9.0,0,200.0,26160
597,191.0,9.0,0,200.0,27960
598,191.0,9.0,0,200.0,29760
599,191.0,9.0,0,200.0,31560
600,191.0,9.0,0,200.0,33360
601,191.0,9.0,0,200.0,35160
602,191.0,9.0,0,200.0,36960
603,191.0,9.0,0,200.0,38760
604,191.0,9.0,0,200.0,40560
605,191.0,9.0,0,200.0,42360
606,191.0,9.0,0,200.0,44160
607,191.0,9.0,0,200.0,51360
608,191.0,9.0,0,200.0,45960
609,191.0,9.0,0,200.0,47760
610,191.0,9.0,0,200.0,49560
611,191.0,9.0,0,200.0,58560
612,191.0,9.0,0,200.0,53160
613,191.0,9.0,0,200.0,54960
614,191.0,9.0,0,200.0,56760
615,191.0,9.0,0,200.0,60360
616,191.0,9.0,0,200.0,62160
617,191.0,9.0,0,200.0,69360
618,191.0,9.0,0,200.0,63960
619,191.0,9.0,0,200.0,65760
620,191.0,9.0,0,200.0,67560
621,191.0,9.0,0,200.0,71160
622,191.0,9.0,0,200.0,72960
623,191.0,9.0,0,200.0,74760
624,191.0,9.0,0,200.0,76560
625,191.0,9.0,0,200.0,78360
626,191.0,9.0,0,200.0,80160
627,191.0,9.0,0,200.0,81960
628,191.0,9.0,0,200.0,18060
629,191.0,9.0,0,200.0,19860
630,191.0,9.0,0,200.0,21660
631,191.0,9.0,0,200.0,23760
632,191.0,9.0,0,200.0,25560
633,191.0,9.0,0,200.0,27360
634,191.0,9.0,0,200.0,29160
635,191.0,9.0,0,200.0,30960
636,191.0,9.0,0,200.0,32760
637,191.0,9.0,0,200.0,34560
638,191.0,9.0,0,200.0,23160
639,191.0,9.0,0,200.0,24960
640,191.0,9.0,0,200.0,26760
641,191.0,9.0,0,200.0,28560
642,191.0,9.0,0,200.0,33960
643,191.0,9.0,0,200.0,36060
644,191.0,9.0,0,200.0,30360
645,191.0,9.0,0,200.0,32160
646,191.0,9.0,0,200.0,37860
647,191.0,9.0,0,200.0,39660
648,191.0,9.0,0,200.0,41460
649,191.0,9.0,0,200.0,43260
650,191.0,9.0,0,200.0,45060
651,191.0,9.0,0,200.0,46860
652,191.0,9.0,0,200.0,48660
653,191.0,9.0,0,200.0,50760
654,191.0,9.0,0,200.0,52560
655,191.0,9.0,0,200.0,54360
656,191.0,9.0,0,200.0,56160
657,191.0,9.0,0,200.0,63360
658,191.0,9.0,0,200.0,57960
659,191.0,9.0,0,200.0,59760
660,191.0,9.0,0,200.0,61560
661,191.0,9.0,0,200.0,65160
662,191.0,9.0,0,200.0,66960
663,191.0,9.0,0,200.0,68760
664,191.0,9.0,0,200.0,50160
665,191.0,9.0,0,200.0,51960
666,191.0,9.0,0,200.0,53760
667,191.0,9.0,0,200.0,55560
668,191.0,9.0,0,200.0,57360
669,191.0,9.0,0,200.0,59160
670,191.0,9.0,0,200.0,60960
671,191.0,9.0,0,200.0,62760
672,191.0,9.0,0,200.0,64560
673,191.0,9.0,0,200.0,70260
674,191.0,9.0,0,200.0,66360
675,191.0,9.0,0,200.0,68160
676,191.0,9.0,0,200.0,77460
677,191.0,9.0,0,200.0,72060
678,191.0,9.0,0,200.0,73860
679,191.0,9.0,0,200.0,75660
680,191.0,9.0,0,200.0,79260
681,191.0,9.0,0,200.0,81060
682,191.0,9.0,0,200.0,83160
683,190.0,7.0,0,600.0,24450
684,205.0,7.0,0,600.0,67500
685,205.0,7.0,0,600.0,36300
686,190.0,7.0,0,466.0,56280
687,205.0,7.0,0,466.0,69300
688,205.0,7.0,0,600.0,58080
689,205.0,7.0,0,600.0,34500
690,205.0,7.0,0,400.0,81000
691,205.0,7.0,0,400.0,39900
692,205.0,7.0,0,400.0,45300
693,205.0,7.0,0,400.0,38100
694,205.0,7.0,0,400.0,40500
695,205.0,7.0,0,400.0,42300
696,205.0,7.0,0,400.0,44700
697,205.0,7.0,0,400.0,47100
698,205.0,7.0,0,400.0,48300
699,205.0,7.0,0,400.0,38700
700,205.0,7.0,0,400.0,47700
701,205.0,7.0,0,400.0,41100
702,205.0,7.0,0,400.0,43500
703,205.0,7.0,0,400.0,45900
704,205.0,7.0,0,400.0,50700
705,205.0,7.0,0,400.0,49500
706,205.0,7.0,0,400.0,41700
707,205.0,7.0,0,400.0,51300
708,205.0,7.0,0,400.0,48900
709,205.0,7.0,0,400.0,44100
710,205.0,7.0,0,400.0,82800
711,205.0,7.0,0,400.0,75240
712,205.0,7.0,0,400.0,75960
713,205.0,7.0,0,400.0,76680
714,205.0,7.0,0,400.0,77400
715,205.0,7.0,0,400.0,85500
716,205.0,7.0,0,400.0,42900
717,205.0,7.0,0,400.0,46500
718,205.0,7.0,0,400.0,50100
719,205.0,7.0,0,400.0,39300
720,205.0,7.0,0,400.0,80280
721,205.0,7.0,0,400.0,79560
722,194.0,5.0,1,400.0,14400
723,194.0,5.0,1,800.0,18780
724,194.0,5.0,1,800.0,23100
725,194.0,5.0,1,800.0,27300
726,194.0,5.0,1,800.0,31560
727,194.0,5.0,1,400.0,36030
728,194.0,5.0,1,400.0,40110
729,194.0,5.0,1,400.0,44190
730,194.0,5.0,1,400.0,48570
731,194.0,5.0,1,800.0,52560
732,194.0,5.0,1,800.0,56760
733,194.0,5.0,1,800.0,61110
734,194.0,5.0,1,800.0,65460
735,194.0,5.0,1,400.0,69660
736,194.0,5.0,1,400.0,73860
737,194.0,5.0,1,400.0,78060
738,194.0,5.0,1,400.0,82200
739,194.0,5.0,1,400.0,300
740,194.0,5.0,1,400.0,15300
741,194.0,5.0,1,800.0,19440
742,194.0,5.0,1,800.0,23520
743,194.0,5.0,1,800.0,27720
744,194.0,5.0,1,800.0,32040
745,194.0,5.0,1,800.0,23940
746,194.0,5.0,1,800.0,28140
747,194.0,5.0,1,800.0,32520
748,194.0,5.0,1,400.0,36540
749,194.0,5.0,1,400.0,40620
750,194.0,5.0,1,400.0,44700
751,194.0,5.0,1,800.0,61560
752,194.0,5.0,1,400.0,49020
753,194.0,5.0,1,800.0,52980
754,194.0,5.0,1,800.0,57180
755,194.0,5.0,1,400.0,16200
756,194.0,5.0,1,800.0,20100
757,194.0,5.0,1,800.0,24360
758,194.0,5.0,1,800.0,28560
759,194.0,5.0,1,600.0,33000
760,194.0,5.0,1,400.0,37050
761,194.0,5.0,1,400.0,41130
762,194.0,5.0,1,400.0,45210
763,194.0,5.0,1,400.0,49470
764,194.0,5.0,1,800.0,53400
765,194.0,5.0,1,533.0,57600
766,194.0,5.0,1,800.0,62010
767,194.0,5.0,1,800.0,66060
768,194.0,5.0,1,400.0,83100
769,194.0,5.0,1,400.0,70260
770,194.0,5.0,1,400.0,74460
771,194.0,5.0,1,400.0,78660
772,194.0,5.0,1,400.0,1200
773,194.0,5.0,1,533.0,20700
774,194.0,5.0,1,800.0,24780
775,194.0,5.0,1,800.0,28980
776,194.0,5.0,1,400.0,17100
777,194.0,5.0,1,533.0,25200
778,194.0,5.0,1,600.0,29400
779,194.0,5.0,1,800.0,33480
780,194.0,5.0,1,400.0,37560
781,194.0,5.0,1,400.0,41640
782,194.0,5.0,1,400.0,45720
783,194.0,5.0,1,800.0,62460
784,194.0,5.0,1,400.0,49920
785,194.0,5.0,1,800.0,53820
786,194.0,5.0,1,800.0,58020
787,194.0,5.0,1,800.0,66660
788,194.0,5.0,1,400.0,70860
789,194.0,5.0,1,400.0,75060
790,194.0,5.0,1,400.0,79320
791,194.0,5.0,1,400.0,84000
792,194.0,5.0,1,400.0,2100
793,194.0,5.0,1,800.0,21300
794,194.0,5.0,1,800.0,25620
795,194.0,5.0,1,800.0,29820
796,194.0,5.0,1,800.0,33990
797,194.0,5.0,1,400.0,38070
798,194.0,5.0,1,400.0,42150
799,194.0,5.0,1,400.0,46230
800,194.0,5.0,1,800.0,50370
801,194.0,5.0,1,800.0,54240
802,194.0,5.0,1,800.0,58410
803,194.0,5.0,1,800.0,62910
804,194.0,5.0,1,600.0,58800
805,194.0,5.0,1,800.0,67260
806,194.0,5.0,1,400.0,71460
807,194.0,5.0,1,400.0,75660
808,194.0,5.0,1,400.0,80040
809,194.0,5.0,1,533.0,18000
810,194.0,5.0,1,800.0,21900
811,194.0,5.0,1,800.0,26040
812,194.0,5.0,1,800.0,30240
813,194.0,5.0,1,800.0,34500
814,194.0,5.0,1,400.0,38580
815,194.0,5.0,1,400.0,42660
816,194.0,5.0,1,400.0,46710
817,194.0,5.0,1,800.0,63360
818,194.0,5.0,1,600.0,50820
819,194.0,5.0,1,800.0,54660
820,194.0,5.0,1,800.0,59160
821,194.0,5.0,1,800.0,26460
822,194.0,5.0,1,800.0,30660
823,194.0,5.0,1,800.0,35010
824,194.0,5.0,1,400.0,39090
825,194.0,5.0,1,400.0,43170
826,194.0,5.0,1,400.0,47190
827,194.0,5.0,1,800.0,51270
828,194.0,5.0,1,800.0,55500
829,194.0,5.0,1,800.0,59520
830,194.0,5.0,1,800.0,63840
831,194.0,5.0,1,800.0,67860
832,194.0,5.0,1,400.0,72060
833,194.0,5.0,1,400.0,76260
834,194.0,5.0,1,400.0,80760
835,194.0,5.0,1,400.0,84900
836,194.0,5.0,1,400.0,3000
837,194.0,5.0,1,666.0,22500
838,194.0,5.0,1,400.0,39600
839,194.0,5.0,1,800.0,26880
840,194.0,5.0,1,800.0,31080
841,194.0,5.0,1,800.0,35520
842,194.0,5.0,1,400.0,43680
843,194.0,5.0,1,400.0,47670
844,194.0,5.0,1,800.0,51720
845,194.0,5.0,1,800.0,55920
846,194.0,5.0,1,800.0,59880
847,194.0,5.0,1,800.0,64320
848,194.0,5.0,1,400.0,81480
849,194.0,5.0,1,800.0,68460
850,194.0,5.0,1,400.0,72660
851,194.0,5.0,1,400.0,76860
852,194.0,5.0,1,400.0,85800
853,194.0,5.0,1,400.0,3900
854,194.0,5.0,1,400.0,48120
855,194.0,5.0,1,800.0,52140
856,194.0,5.0,1,800.0,56340
857,194.0,5.0,1,800.0,60240
858,194.0,5.0,1,800.0,60660
859,194.0,5.0,1,800.0,64860
860,194.0,5.0,1,400.0,69060
861,194.0,5.0,1,400.0,73260
862,194.0,5.0,1,400.0,13500
863,194.0,5.0,1,400.0,12600
864,194.0,5.0,1,800.0,55080
865,194.0,5.0,1,400.0,77460
866,158.0,3.0,0,400.0,23010
867,227.0,3.0,0,800.0,26580
868,158.0,3.0,0,800.0,24210
869,227.0,3.0,0,800.0,27900
870,158.0,3.0,0,800.0,25980
871,227.0,3.0,0,800.0,29610
872,227.0,3.0,0,800.0,27300
873,158.0,3.0,0,800.0,23610
874,158.0,3.0,0,800.0,24780
875,227.0,3.0,0,800.0,28440
876,158.0,3.0,0,800.0,25560
877,227.0,3.0,0,800.0,28980
878,230.0,3.0,0,800.0,6780
879,227.0,3.0,0,600.0,14400
880,227.0,3.0,0,600.0,15300
881,227.0,3.0,0,600.0,16200
882,227.0,3.0,0,600.0,17100
883,227.0,3.0,0,800.0,17880
884,227.0,3.0,0,800.0,18600
885,227.0,3.0,0,600.0,19200
886,227.0,3.0,0,533.0,19800
887,227.0,3.0,0,800.0,20400
888,227.0,3.0,0,666.0,21000
889,227.0,3.0,0,600.0,21600
890,227.0,3.0,0,800.0,22200
891,227.0,3.0,0,800.0,22800
892,227.0,3.0,0,800.0,23340
893,227.0,3.0,0,800.0,23790
894,227.0,3.0,0,800.0,24240
895,227.0,3.0,0,800.0,24660
896,227.0,3.0,0,800.0,25020
897,227.0,3.0,0,800.0,25320
898,227.0,3.0,0,800.0,25620
899,227.0,3.0,0,800.0,25860
900,227.0,3.0,0,800.0,26100
901,227.0,3.0,0,800.0,26340
902,227.0,3.0,0,800.0,26820
903,227.0,3.0,0,800.0,27060
904,227.0,3.0,0,800.0,27510
905,227.0,3.0,0,800.0,27720
906,227.0,3.0,0,600.0,28080
907,227.0,3.0,0,800.0,28260
908,227.0,3.0,0,800.0,28620
909,227.0,3.0,0,500.0,28800
910,227.0,3.0,0,800.0,29190
911,227.0,3.0,0,600.0,29400
912,227.0,3.0,0,800.0,29820
913,227.0,3.0,0,800.0,30030
914,227.0,3.0,0,600.0,30240
915,227.0,3.0,0,800.0,30450
916,227.0,3.0,0,800.0,30660
917,227.0,3.0,0,800.0,30900
918,227.0,3.0,0,600.0,31200
919,227.0,3.0,0,800.0,31560
920,227.0,3.0,0,800.0,31980
921,227.0,3.0,0,533.0,32400
922,227.0,3.0,0,666.0,32850
923,227.0,3.0,0,600.0,33300
924,227.0,3.0,0,600.0,33750
925,227.0,3.0,0,600.0,34200
926,227.0,3.0,0,600.0,34650
927,227.0,3.0,0,600.0,35100
928,227.0,3.0,0,600.0,35550
929,227.0,3.0,0,400.0,36000
930,227.0,3.0,0,400.0,36450
931,227.0,3.0,0,400.0,36900
932,227.0,3.0,0,400.0,37350
933,227.0,3.0,0,400.0,37800
934,227.0,3.0,0,400.0,38250
935,227.0,3.0,0,400.0,38700
936,227.0,3.0,0,400.0,39150
937,227.0,3.0,0,400.0,39600
938,227.0,3.0,0,400.0,40050
939,227.0,3.0,0,400.0,40500
940,227.0,3.0,0,400.0,40950
941,227.0,3.0,0,400.0,41400
942,227.0,3.0,0,400.0,41850
943,227.0,3.0,0,400.0,42300
944,227.0,3.0,0,400.0,42750
945,227.0,3.0,0,400.0,43200
946,227.0,3.0,0,400.0,43650
947,227.0,3.0,0,400.0,44100
948,227.0,3.0,0,400.0,44550
949,227.0,3.0,0,400.0,45000
950,227.0,3.0,0,400.0,45450
951,227.0,3.0,0,400.0,45900
952,227.0,3.0,0,400.0,46350
953,227.0,3.0,0,400.0,46800
954,227.0,3.0,0,400.0,47250
955,227.0,3.0,0,400.0,47700
956,227.0,3.0,0,400.0,48150
957,227.0,3.0,0,400.0,48600
958,227.0,3.0,0,400.0,49050
959,227.0,3.0,0,400.0,49500
960,227.0,3.0,0,400.0,49950
961,227.0,3.0,0,533.0,50400
962,227.0,3.0,0,600.0,50850
963,227.0,3.0,0,600.0,51300
964,227.0,3.0,0,600.0,51750
965,227.0,3.0,0,533.0,52200
966,227.0,3.0,0,600.0,52650
967,227.0,3.0,0,600.0,53100
968,227.0,3.0,0,600.0,53550
969,227.0,3.0,0,533.0,54000
970,227.0,3.0,0,600.0,54450
971,227.0,3.0,0,600.0,54900
972,227.0,3.0,0,600.0,55350
973,227.0,3.0,0,533.0,55800
974,227.0,3.0,0,800.0,56160
975,227.0,3.0,0,800.0,56520
976,227.0,3.0,0,800.0,56880
977,227.0,3.0,0,800.0,57240
978,227.0,3.0,0,600.0,57600
979,227.0,3.0,0,800.0,57900
980,227.0,3.0,0,600.0,58200
981,227.0,3.0,0,600.0,58500
982,227.0,3.0,0,800.0,58770
983,227.0,3.0,0,800.0,59040
984,227.0,3.0,0,800.0,59280
985,227.0,3.0,0,800.0,59520
986,227.0,3.0,0,800.0,59760
987,227.0,3.0,0,600.0,60000
988,227.0,3.0,0,800.0,60240
989,227.0,3.0,0,800.0,60510
990,227.0,3.0,0,800.0,60780
991,227.0,3.0,0,800.0,61080
992,227.0,3.0,0,800.0,61440
993,227.0,3.0,0,600.0,61800
994,227.0,3.0,0,800.0,62160
995,227.0,3.0,0,800.0,62520
996,227.0,3.0,0,800.0,62880
997,227.0,3.0,0,800.0,63240
998,227.0,3.0,0,600.0,63600
999,227.0,3.0,0,800.0,63960
1000,227.0,3.0,0,800.0,64380
1001,227.0,3.0,0,533.0,64800
1002,227.0,3.0,0,600.0,65250
1003,227.0,3.0,0,600.0,65700
1004,227.0,3.0,0,600.0,66150
1005,227.0,3.0,0,600.0,66600
1006,227.0,3.0,0,600.0,67050
1007,227.0,3.0,0,600.0,67500
1008,227.0,3.0,0,600.0,67950
1009,227.0,3.0,0,500.0,68400
1010,227.0,3.0,0,800.0,68850
1011,227.0,3.0,0,800.0,69300
1012,227.0,3.0,0,800.0,69750
1013,227.0,3.0,0,533.0,70200
1014,227.0,3.0,0,800.0,70650
1015,227.0,3.0,0,800.0,71100
1016,227.0,3.0,0,800.0,71550
1017,227.0,3.0,0,400.0,72000
1018,227.0,3.0,0,400.0,72450
1019,227.0,3.0,0,400.0,72900
1020,227.0,3.0,0,400.0,73350
1021,227.0,3.0,0,400.0,73800
1022,227.0,3.0,0,400.0,74250
1023,227.0,3.0,0,400.0,74700
1024,227.0,3.0,0,400.0,75150
1025,227.0,3.0,0,400.0,75600
1026,227.0,3.0,0,400.0,76050
1027,227.0,3.0,0,400.0,76500
1028,227.0,3.0,0,400.0,76950
1029,227.0,3.0,0,400.0,77400
1030,227.0,3.0,0,400.0,77850
1031,227.0,3.0,0,400.0,78300
1032,227.0,3.0,0,400.0,78750
1033,227.0,3.0,0,400.0,79200
1034,227.0,3.0,0,400.0,79800
1035,227.0,3.0,0,400.0,80400
1036,227.0,3.0,0,400.0,81000
1037,227.0,3.0,0,400.0,81600
1038,227.0,3.0,0,400.0,82200
1039,227.0,3.0,0,400.0,82800
1040,227.0,3.0,0,400.0,83520
1041,227.0,3.0,0,400.0,84240
1042,227.0,3.0,0,400.0,84960
1043,227.0,3.0,0,400.0,85680
1044,227.0,3.0,0,400.0,0
1045,227.0,3.0,0,400.0,900
1046,227.0,3.0,0,400.0,1800
1047,227.0,3.0,0,400.0,2700
1048,227.0,3.0,0,400.0,3600
1049,227.0,3.0,0,400.0,5400
1050,227.0,3.0,0,400.0,7200
1051,26.0,1.0,1,800.0,60330
1052,52.0,1.0,0,800.0,65250
1053,26.0,1.0,1,560.0,70200
1054,52.0,1.0,0,560.0,75600
1055,26.0,1.0,1,480.0,81000
1056,52.0,1.0,0,480.0,0
1057,26.0,1.0,1,480.0,5400
1058,52.0,1.0,0,400.0,10800
1059,26.0,1.0,1,400.0,16200
1060,52.0,1.0,0,533.0,21600
1061,26.0,1.0,1,666.0,26550
1062,52.0,1.0,0,400.0,32040
1063,52.0,1.0,0,800.0,42000
1064,26.0,1.0,1,800.0,47340
1065,52.0,1.0,0,800.0,52650
1066,26.0,1.0,1,800.0,57540
1067,52.0,1.0,0,600.0,62550
1068,26.0,1.0,1,800.0,67500
1069,52.0,1.0,0,600.0,72600
1070,26.0,1.0,1,600.0,78000
1071,52.0,1.0,0,400.0,83400
1072,52.0,1.0,0,400.0,11700
1073,26.0,1.0,1,514.0,16800
1074,52.0,1.0,0,800.0,22050
1075,26.0,1.0,1,533.0,27000
1076,76.0,1.0,0,560.0,32400
1077,52.0,1.0,0,600.0,26100
1078,22.0,1.0,1,800.0,29580
1079,52.0,1.0,0,800.0,31740
1080,26.0,1.0,1,666.0,36450
1081,52.0,1.0,0,600.0,41400
1082,26.0,1.0,1,600.0,46800
1083,52.0,1.0,0,800.0,51750
1084,26.0,1.0,1,400.0,56520
1085,52.0,1.0,0,600.0,61650
1086,26.0,1.0,1,600.0,66600
1087,76.0,1.0,0,600.0,28950
1088,26.0,1.0,1,500.0,17400
1089,52.0,1.0,0,800.0,22500
1090,26.0,1.0,1,600.0,27450
1091,52.0,1.0,0,560.0,32400
1092,52.0,1.0,0,600.0,42600
1093,26.0,1.0,1,600.0,47850
1094,52.0,1.0,0,800.0,53100
1095,26.0,1.0,1,600.0,58080
1096,52.0,1.0,0,800.0,24900
1097,22.0,1.0,1,600.0,28680
1098,52.0,1.0,0,600.0,30840
1099,26.0,1.0,1,666.0,35550
1100,52.0,1.0,0,666.0,40800
1101,26.0,1.0,1,600.0,46200
1102,52.0,1.0,0,800.0,51300
1103,52.0,1.0,0,533.0,61200
1104,26.0,1.0,1,800.0,66150
1105,52.0,1.0,0,560.0,71400
1106,26.0,1.0,1,560.0,76800
1107,52.0,1.0,0,400.0,82200
1108,26.0,1.0,1,400.0,900
1109,52.0,1.0,0,600.0,24000
1110,22.0,1.0,1,800.0,27780
1111,50.0,1.0,0,800.0,30330
1112,52.0,1.0,0,400.0,12600
1113,26.0,1.0,1,514.0,18000
1114,52.0,1.0,0,800.0,22950
1115,52.0,1.0,0,600.0,43200
1116,26.0,1.0,1,600.0,27900
1117,52.0,1.0,0,666.0,32850
1118,26.0,1.0,1,600.0,37800
1119,26.0,1.0,1,400.0,48360
1120,52.0,1.0,0,800.0,53550
1121,26.0,1.0,1,800.0,58530
1122,52.0,1.0,0,600.0,63450
1123,26.0,1.0,1,560.0,68400
1124,52.0,1.0,0,560.0,73800
1125,26.0,1.0,1,560.0,79200
1126,52.0,1.0,0,400.0,84600
1127,26.0,1.0,1,400.0,3600
1128,52.0,1.0,0,400.0,9000
1129,52.0,1.0,0,640.0,23400
1130,26.0,1.0,1,600.0,28350
1131,52.0,1.0,0,666.0,33300
1132,26.0,1.0,1,666.0,38310
1133,26.0,1.0,1,666.0,48870
1134,52.0,1.0,0,800.0,54450
1135,26.0,1.0,1,800.0,59100
1136,52.0,1.0,0,400.0,13200
1137,26.0,1.0,1,560.0,18600
1138,52.0,1.0,0,800.0,23700
1139,26.0,1.0,1,571.0,28800
1140,52.0,1.0,0,666.0,33750
1141,52.0,1.0,0,666.0,44400
1142,26.0,1.0,1,666.0,49890
1143,52.0,1.0,0,800.0,54900
1144,26.0,1.0,1,800.0,59430
1145,26.0,1.0,1,600.0,19200
1146,52.0,1.0,0,800.0,24300
1147,26.0,1.0,1,800.0,29250
1148,52.0,1.0,0,600.0,34200
1149,52.0,1.0,0,400.0,14400
1150,26.0,1.0,1,514.0,19800
1151,52.0,1.0,0,533.0,24600
1152,26.0,1.0,1,800.0,29700
1153,52.0,1.0,0,666.0,34650
1154,26.0,1.0,1,400.0,39840
1155,52.0,1.0,0,600.0,45000
1156,26.0,1.0,1,600.0,50400
1157,52.0,1.0,0,800.0,55350
1158,26.0,1.0,1,800.0,60030
1159,52.0,1.0,0,400.0,15000
1160,26.0,1.0,1,560.0,20400
1161,52.0,1.0,0,560.0,25440
1162,52.0,1.0,0,666.0,35100
1163,26.0,1.0,1,666.0,40350
1164,52.0,1.0,0,666.0,45540
1165,26.0,1.0,1,800.0,50850
1166,52.0,1.0,0,533.0,55800
1167,26.0,1.0,1,533.0,60480
1168,52.0,1.0,0,800.0,65700
1169,26.0,1.0,1,600.0,70800
1170,52.0,1.0,0,600.0,76200
1171,26.0,1.0,1,400.0,81600
1172,52.0,1.0,0,800.0,28320
1173,52.0,1.0,0,800.0,25890
1174,26.0,1.0,1,800.0,31500
1175,52.0,1.0,0,600.0,36000
1176,26.0,1.0,1,600.0,41400
1177,52.0,1.0,0,400.0,46560
1178,26.0,1.0,1,800.0,51750
1179,52.0,1.0,0,800.0,56700
1180,26.0,1.0,1,533.0,61320
1181,52.0,1.0,0,800.0,26460
1182,26.0,1.0,1,800.0,31950
1183,52.0,1.0,0,800.0,47070
1184,26.0,1.0,1,800.0,52650
1185,52.0,1.0,0,533.0,57600
1186,26.0,1.0,1,600.0,62640
1187,52.0,1.0,0,800.0,67500
1188,26.0,1.0,1,600.0,72600
1189,52.0,1.0,0,600.0,78000
1190,26.0,1.0,1,400.0,83400
1191,52.0,1.0,0,533.0,27000
1192,26.0,1.0,1,560.0,32400
1193,26.0,1.0,1,400.0,14400
1194,52.0,1.0,0,514.0,19800
1195,26.0,1.0,1,800.0,24750
1196,52.0,1.0,0,800.0,30180
1197,26.0,1.0,1,666.0,34650
1198,52.0,1.0,0,600.0,39600
1199,26.0,1.0,1,600.0,45000
1200,26.0,1.0,1,533.0,54720
1201,52.0,1.0,0,800.0,59850
1202,26.0,1.0,1,800.0,64740
1203,26.0,1.0,1,800.0,22500
1204,52.0,1.0,0,600.0,19200
1205,26.0,1.0,1,800.0,24300
1206,22.0,1.0,1,800.0,33180
1207,26.0,1.0,1,400.0,11700
1208,52.0,1.0,0,514.0,16800
1209,26.0,1.0,1,800.0,22050
1210,52.0,1.0,0,800.0,27150
1211,50.0,1.0,0,800.0,27660
1212,26.0,1.0,1,800.0,42000
1213,52.0,1.0,0,800.0,48090
1214,26.0,1.0,1,800.0,53100
1215,52.0,1.0,0,800.0,58050
1216,26.0,1.0,1,800.0,62940
1217,52.0,1.0,0,800.0,67950
1218,26.0,1.0,1,560.0,73200
1219,52.0,1.0,0,560.0,78600
1220,26.0,1.0,1,400.0,84000
1221,52.0,1.0,0,400.0,2700
1222,50.0,1.0,0,400.0,28140
1223,26.0,1.0,1,666.0,32850
1224,52.0,1.0,0,666.0,38040
1225,26.0,1.0,1,600.0,43200
1226,52.0,1.0,0,600.0,48600
1227,26.0,1.0,1,800.0,53550
1228,52.0,1.0,0,800.0,58500
1229,26.0,1.0,1,800.0,63540
1230,52.0,1.0,0,560.0,68400
1231,26.0,1.0,1,560.0,73800
1232,52.0,1.0,0,560.0,79200
1233,26.0,1.0,1,400.0,84600
1234,52.0,1.0,0,400.0,3600
1235,26.0,1.0,1,400.0,9000
1236,26.0,1.0,1,400.0,12600
1237,52.0,1.0,0,514.0,18000
1238,26.0,1.0,1,640.0,23400
1239,50.0,1.0,0,571.0,28800
1240,26.0,1.0,1,666.0,33300
1241,26.0,1.0,1,800.0,43800
1242,52.0,1.0,0,800.0,49050
1243,26.0,1.0,1,600.0,54000
1244,52.0,1.0,0,800.0,58950
1245,26.0,1.0,1,533.0,63840
1246,52.0,1.0,0,560.0,69000
1247,26.0,1.0,1,600.0,74400
1248,52.0,1.0,0,600.0,79800
1249,26.0,1.0,1,400.0,85200
1250,26.0,1.0,1,400.0,13200
1251,52.0,1.0,0,560.0,18600
1252,26.0,1.0,1,800.0,23850
1253,52.0,1.0,0,800.0,28980
1254,26.0,1.0,1,600.0,25650
1255,52.0,1.0,0,600.0,31140
1256,26.0,1.0,1,600.0,36000
1257,26.0,1.0,1,400.0,15000
1258,52.0,1.0,0,560.0,20400
1259,26.0,1.0,1,466.0,25200
1260,76.0,1.0,0,560.0,30600
1261,26.0,1.0,1,400.0,15600
1262,52.0,1.0,0,600.0,21000
1263,26.0,1.0,1,600.0,26100
1264,76.0,1.0,0,600.0,31560
1265,52.0,1.0,0,600.0,54000
1266,26.0,1.0,1,800.0,58920
1267,52.0,1.0,0,600.0,63900
1268,26.0,1.0,1,560.0,69000
1269,52.0,1.0,0,600.0,74400
1270,26.0,1.0,1,600.0,79800
1271,52.0,1.0,0,400.0,85200
1272,52.0,1.0,0,400.0,30360
1273,26.0,1.0,1,800.0,45600
1274,52.0,1.0,0,800.0,50850
1275,26.0,1.0,1,533.0,55800
1276,52.0,1.0,0,800.0,60750
1277,26.0,1.0,1,800.0,65700
1278,52.0,1.0,0,600.0,70800
1279,26.0,1.0,1,600.0,76200
1280,52.0,1.0,0,400.0,81600
1281,26.0,1.0,1,666.0,44400
1282,52.0,1.0,0,800.0,29820
1283,26.0,1.0,1,600.0,34200
1284,52.0,1.0,0,600.0,39060
1285,26.0,1.0,1,600.0,54360
1286,52.0,1.0,0,533.0,59400
1287,26.0,1.0,1,600.0,64440
1288,52.0,1.0,0,600.0,69600
1289,26.0,1.0,1,560.0,75000
1290,52.0,1.0,0,560.0,80400
1291,26.0,1.0,1,400.0,85800
1292,52.0,1.0,0,400.0,4500
1293,50.0,1.0,0,800.0,29460
1294,26.0,1.0,1,666.0,33750
1295,52.0,1.0,0,600.0,52200
1296,26.0,1.0,1,600.0,57210
1297,52.0,1.0,0,666.0,62100
1298,26.0,1.0,1,800.0,67050
1299,52.0,1.0,0,560.0,72000
1300,26.0,1.0,1,560.0,77400
1301,52.0,1.0,0,400.0,82800
1302,26.0,1.0,1,400.0,1800
1303,52.0,1.0,0,400.0,7200
1304,52.0,1.0,0,800.0,26640
1305,52.0,1.0,0,600.0,50400
1306,26.0,1.0,1,400.0,55440
1307,52.0,1.0,0,800.0,60300
1308,26.0,1.0,1,400.0,65340
1309,52.0,1.0,0,560.0,70200
1310,26.0,1.0,1,560.0,75600
1311,52.0,1.0,0,480.0,81000
1312,26.0,1.0,1,480.0,0
1313,52.0,1.0,0,480.0,5400
1314,22.0,1.0,1,480.0,64710
1315,52.0,1.0,0,666.0,60960
1316,52.0,1.0,0,533.0,55560
1317,22.0,1.0,1,533.0,59310
1318,52.0,1.0,0,533.0,63000
1319,26.0,1.0,1,800.0,67950
1320,52.0,1.0,0,560.0,73200
1321,26.0,1.0,1,560.0,78600
1322,52.0,1.0,0,400.0,84000
1323,26.0,1.0,1,400.0,2700
1324,26.0,1.0,1,800.0,59250
1325,52.0,1.0,0,600.0,64350
1326,26.0,1.0,1,600.0,69600
1327,52.0,1.0,0,560.0,75000
1328,26.0,1.0,1,560.0,80400
1329,52.0,1.0,0,400.0,85800
1330,26.0,1.0,1,400.0,4500
1331,26.0,1.0,1,800.0,59580
1332,52.0,1.0,0,600.0,64800
1333,50.0,1.0,0,800.0,56790
1334,22.0,1.0,1,800.0,60210
1335,26.0,1.0,1,800.0,61140
1336,52.0,1.0,0,800.0,66150
1337,26.0,1.0,1,560.0,71400
1338,52.0,1.0,0,560.0,76800
1339,26.0,1.0,1,400.0,82200
1340,52.0,1.0,0,400.0,900
1341,50.0,1.0,0,800.0,58590
1342,22.0,1.0,1,800.0,62130
1343,26.0,1.0,1,533.0,56160
1344,52.0,1.0,0,800.0,61860
1345,22.0,1.0,1,800.0,65610
1346,26.0,1.0,1,666.0,62100
1347,52.0,1.0,0,800.0,67050
1348,26.0,1.0,1,560.0,72000
1349,52.0,1.0,0,560.0,77400
1350,26.0,1.0,1,400.0,82800
1351,52.0,1.0,0,400.0,1800
1352,26.0,1.0,1,400.0,7200
1353,26.0,1.0,1,600.0,61680
1354,52.0,1.0,0,600.0,66600
1355,52.0,1.0,0,400.0,15600
1356,26.0,1.0,1,600.0,21000
1357,50.0,1.0,0,800.0,26610
1358,26.0,1.0,1,400.0,10800
1359,52.0,1.0,0,400.0,16200
1360,26.0,1.0,1,533.0,21600
1361,50.0,1.0,0,800.0,27150
1362,22.0,1.0,1,600.0,30480
1363,52.0,1.0,0,500.0,17400
1364,26.0,1.0,1,800.0,22950
1365,52.0,1.0,0,800.0,27660
1366,52.0,1.0,0,800.0,29310
1367,26.0,1.0,1,700.0,60180
1368,52.0,1.0,0,533.0,59160
1369,22.0,1.0,1,533.0,62970
1370,52.0,1.0,0,533.0,25680
1371,52.0,1.0,0,666.0,35550
1372,26.0,1.0,1,800.0,40860
1373,52.0,1.0,0,800.0,46050
1374,26.0,1.0,1,800.0,51300
1375,52.0,1.0,0,800.0,56250
1376,26.0,1.0,1,800.0,60990
1377,26.0,1.0,1,600.0,52200
1378,52.0,1.0,0,800.0,57150
1379,26.0,1.0,1,800.0,61860
1380,50.0,1.0,0,800.0,60390
1381,22.0,1.0,1,800.0,63810
1382,52.0,1.0,0,800.0,28650
1383,52.0,1.0,0,600.0,57360
1384,22.0,1.0,1,533.0,61200
1385,52.0,1.0,0,533.0,27480
1386,22.0,1.0,1,800.0,31380
1387,26.0,1.0,1,800.0,60810
1388,52.0,1.0,0,800.0,49950
1389,26.0,1.0,1,533.0,55080
1390,22.0,1.0,1,800.0,32280
1391,22.0,1.0,1,800.0,34080
1392,52.0,1.0,0,800.0,29460
1393,26.0,1.0,1,666.0,37350
1394,52.0,1.0,0,800.0,49500
1395,26.0,1.0,1,666.0,36900
1396,52.0,1.0,0,466.0,25200
1397,26.0,1.0,1,800.0,30150
1398,52.0,1.0,0,800.0,36510
1399,26.0,1.0,1,533.0,58320
1400,26.0,1.0,1,400.0,49380
1401,52.0,1.0,0,400.0,47580
1402,26.0,1.0,1,400.0,13800
1403,52.0,1.0,0,800.0,37020
1404,26.0,1.0,1,800.0,39330
1405,50.0,1.0,0,800.0,54990
1406,22.0,1.0,1,800.0,58350
1407,52.0,1.0,0,400.0,13800
1408,76.0,1.0,0,600.0,64560
1409,29.0,1.0,1,800.0,61260
1410,29.0,1.0,1,800.0,25890
1411,29.0,1.0,1,800.0,26790
1412,76.0,1.0,0,800.0,29760
1413,52.0,1.0,0,800.0,28140
1414,26.0,1.0,1,560.0,30600
1415,26.0,1.0,1,800.0,31050
1416,26.0,1.0,1,666.0,35100
1417,52.0,1.0,0,666.0,38550
1418,22.0,1.0,1,600.0,34980
1419,22.0,1.0,1,800.0,35880
1420,52.0,1.0,0,533.0,62760
1421,22.0,1.0,1,533.0,66510
1422,52.0,1.0,0,533.0,37530
1423,26.0,1.0,1,600.0,42600
1424,52.0,1.0,0,800.0,40200
1425,26.0,1.0,1,800.0,38820
1426,52.0,1.0,0,800.0,43800
1427,53.0,8.0,0,800.0,10800
1428,53.0,8.0,0,800.0,11700
1429,53.0,8.0,0,800.0,12600
1430,53.0,8.0,0,800.0,13500
1431,53.0,8.0,0,800.0,14400
1432,53.0,8.0,0,800.0,15300
1433,53.0,8.0,0,800.0,16200
1434,53.0,8.0,0,800.0,17100
1435,53.0,8.0,0,800.0,18000
1436,53.0,8.0,0,800.0,18600
1437,53.0,8.0,0,800.0,19200
1438,53.0,8.0,0,800.0,19800
1439,53.0,8.0,0,800.0,20250
1440,53.0,8.0,0,800.0,20700
1441,53.0,8.0,0,800.0,21150
1442,53.0,8.0,0,800.0,21600
1443,53.0,8.0,0,800.0,22050
1444,53.0,8.0,0,800.0,22500
1445,53.0,8.0,0,800.0,22920
1446,53.0,8.0,0,800.0,23700
1447,53.0,8.0,0,800.0,24300
1448,53.0,8.0,0,800.0,24600
1449,53.0,8.0,0,800.0,24900
1450,53.0,8.0,0,800.0,25200
1451,53.0,8.0,0,800.0,26820
1452,53.0,8.0,0,800.0,25680
1453,53.0,8.0,0,800.0,26160
1454,53.0,8.0,0,800.0,26610
1455,53.0,8.0,0,800.0,27030
1456,53.0,8.0,0,800.0,27240
1457,53.0,8.0,0,800.0,27420
1458,53.0,8.0,0,800.0,27600
1459,53.0,8.0,0,800.0,28140
1460,53.0,8.0,0,800.0,27960
1461,53.0,8.0,0,800.0,28320
1462,53.0,8.0,0,800.0,28980
1463,53.0,8.0,0,800.0,28470
1464,53.0,8.0,0,800.0,28650
1465,53.0,8.0,0,800.0,28800
1466,53.0,8.0,0,800.0,29310
1467,53.0,8.0,0,800.0,29460
1468,53.0,8.0,0,800.0,25440
1469,53.0,8.0,0,800.0,29640
1470,53.0,8.0,0,800.0,29970
1471,53.0,8.0,0,800.0,30840
1472,53.0,8.0,0,800.0,31320
1473,53.0,8.0,0,800.0,34200
1474,53.0,8.0,0,800.0,31620
1475,53.0,8.0,0,800.0,33750
1476,53.0,8.0,0,800.0,32220
1477,53.0,8.0,0,800.0,32880
1478,53.0,8.0,0,800.0,33300
1479,53.0,8.0,0,800.0,34650
1480,53.0,8.0,0,800.0,35100
1481,53.0,8.0,0,800.0,35550
1482,53.0,8.0,0,800.0,36000
1483,53.0,8.0,0,800.0,36900
1484,53.0,8.0,0,800.0,37350
1485,53.0,8.0,0,800.0,37800
1486,53.0,8.0,0,800.0,38250
1487,53.0,8.0,0,800.0,38700
1488,53.0,8.0,0,800.0,39150
1489,53.0,8.0,0,800.0,41400
1490,53.0,8.0,0,800.0,41850
1491,53.0,8.0,0,800.0,39600
1492,53.0,8.0,0,800.0,40500
1493,53.0,8.0,0,800.0,40950
1494,53.0,8.0,0,800.0,42300
1495,53.0,8.0,0,800.0,42750
1496,53.0,8.0,0,800.0,43200
1497,53.0,8.0,0,800.0,43650
1498,53.0,8.0,0,800.0,46800
1499,53.0,8.0,0,800.0,44100
1500,53.0,8.0,0,800.0,45000
1501,53.0,8.0,0,800.0,45450
1502,53.0,8.0,0,800.0,45900
1503,53.0,8.0,0,800.0,46350
1504,53.0,8.0,0,800.0,47250
1505,53.0,8.0,0,800.0,48600
1506,53.0,8.0,0,800.0,49050
1507,53.0,8.0,0,800.0,49500
1508,53.0,8.0,0,800.0,50400
1509,53.0,8.0,0,800.0,50850
1510,53.0,8.0,0,800.0,51300
1511,53.0,8.0,0,800.0,54000
1512,53.0,8.0,0,800.0,51750
1513,53.0,8.0,0,800.0,52200
1514,53.0,8.0,0,800.0,53640
1515,53.0,8.0,0,800.0,54360
1516,53.0,8.0,0,800.0,54720
1517,53.0,8.0,0,800.0,55080
1518,53.0,8.0,0,800.0,55440
1519,53.0,8.0,0,800.0,55800
1520,53.0,8.0,0,800.0,56880
1521,53.0,8.0,0,800.0,58200
1522,53.0,8.0,0,800.0,57240
1523,53.0,8.0,0,800.0,57600
1524,53.0,8.0,0,800.0,57900
1525,53.0,8.0,0,800.0,58800
1526,53.0,8.0,0,800.0,59100
1527,53.0,8.0,0,800.0,59400
1528,53.0,8.0,0,800.0,59700
1529,53.0,8.0,0,800.0,60000
1530,53.0,8.0,0,800.0,60900
1531,53.0,8.0,0,800.0,61200
1532,53.0,8.0,0,800.0,61500
1533,53.0,8.0,0,800.0,30600
1534,53.0,8.0,0,800.0,31080
1535,53.0,8.0,0,800.0,47700
1536,53.0,8.0,0,800.0,49950
1537,53.0,8.0,0,800.0,61800
1538,53.0,8.0,0,800.0,62700
1539,53.0,8.0,0,800.0,63300
1540,53.0,8.0,0,800.0,64800
1541,53.0,8.0,0,800.0,65100
1542,53.0,8.0,0,800.0,65400
1543,53.0,8.0,0,800.0,66000
1544,53.0,8.0,0,800.0,68400
1545,53.0,8.0,0,800.0,66300
1546,53.0,8.0,0,800.0,70650
1547,53.0,8.0,0,800.0,63000
1548,53.0,8.0,0,800.0,68040
1549,53.0,8.0,0,800.0,69480
1550,53.0,8.0,0,800.0,72900
1551,53.0,8.0,0,800.0,72000
1552,53.0,8.0,0,800.0,72450
1553,53.0,8.0,0,800.0,74250
1554,53.0,8.0,0,800.0,74700
1555,53.0,8.0,0,800.0,75150
1556,53.0,8.0,0,800.0,75600
1557,53.0,8.0,0,800.0,76050
1558,53.0,8.0,0,800.0,76500
1559,53.0,8.0,0,800.0,77400
1560,53.0,8.0,0,800.0,80550
1561,53.0,8.0,0,800.0,78300
1562,53.0,8.0,0,800.0,78750
1563,53.0,8.0,0,800.0,79200
1564,53.0,8.0,0,800.0,81900
1565,53.0,8.0,0,800.0,82350
1566,53.0,8.0,0,800.0,82800
1567,53.0,8.0,0,800.0,83250
1568,53.0,8.0,0,800.0,84150
1569,53.0,8.0,0,800.0,84600
1570,53.0,8.0,0,800.0,1200
1571,53.0,8.0,0,800.0,79650
1572,53.0,8.0,0,800.0,85200
1573,53.0,8.0,0,800.0,85800
1574,53.0,8.0,0,800.0,0
1575,53.0,8.0,0,800.0,600
1576,53.0,8.0,0,800.0,2700
1577,53.0,8.0,0,800.0,6300
1578,53.0,8.0,0,800.0,3600
1579,53.0,8.0,0,800.0,4500
1580,53.0,8.0,0,800.0,5400
1581,53.0,8.0,0,800.0,9000
1582,53.0,8.0,0,800.0,9900
1583,53.0,8.0,0,800.0,7200
1584,53.0,8.0,0,800.0,8100
1585,28.0,8.0,1,800.0,11100
1586,28.0,8.0,1,800.0,12000
1587,28.0,8.0,1,800.0,12900
1588,28.0,8.0,1,800.0,13800
1589,28.0,8.0,1,800.0,14700
1590,28.0,8.0,1,800.0,15600
1591,28.0,8.0,1,800.0,16500
1592,28.0,8.0,1,800.0,17400
1593,28.0,8.0,1,800.0,17850
1594,28.0,8.0,1,800.0,18750
1595,28.0,8.0,1,800.0,20520
1596,28.0,8.0,1,800.0,19200
1597,28.0,8.0,1,800.0,19650
1598,28.0,8.0,1,800.0,20100
1599,28.0,8.0,1,800.0,21600
1600,28.0,8.0,1,800.0,22320
1601,28.0,8.0,1,800.0,22680
1602,28.0,8.0,1,800.0,23040
1603,28.0,8.0,1,800.0,27900
1604,28.0,8.0,1,800.0,23400
1605,28.0,8.0,1,800.0,24600
1606,28.0,8.0,1,800.0,24900
1607,28.0,8.0,1,800.0,25200
1608,28.0,8.0,1,800.0,26100
1609,28.0,8.0,1,800.0,26700
1610,28.0,8.0,1,800.0,27600
1611,28.0,8.0,1,800.0,27300
1612,28.0,8.0,1,800.0,29400
1613,28.0,8.0,1,800.0,28200
1614,28.0,8.0,1,800.0,28500
1615,28.0,8.0,1,800.0,28800
1616,28.0,8.0,1,800.0,30000
1617,28.0,8.0,1,800.0,31800
1618,28.0,8.0,1,800.0,31200
1619,28.0,8.0,1,800.0,30300
1620,28.0,8.0,1,800.0,30600
1621,28.0,8.0,1,800.0,32100
1622,28.0,8.0,1,800.0,32400
1623,28.0,8.0,1,800.0,21960
1624,28.0,8.0,1,800.0,33480
1625,28.0,8.0,1,800.0,33840
1626,28.0,8.0,1,800.0,52470
1627,28.0,8.0,1,800.0,34980
1628,28.0,8.0,1,800.0,36270
1629,28.0,8.0,1,800.0,37170
1630,28.0,8.0,1,800.0,37620
1631,28.0,8.0,1,800.0,39420
1632,28.0,8.0,1,800.0,38070
1633,28.0,8.0,1,800.0,38520
1634,28.0,8.0,1,800.0,38970
1635,28.0,8.0,1,800.0,39870
1636,28.0,8.0,1,800.0,40320
1637,28.0,8.0,1,800.0,40770
1638,28.0,8.0,1,800.0,41670
1639,28.0,8.0,1,800.0,42120
1640,28.0,8.0,1,800.0,42570
1641,28.0,8.0,1,800.0,43020
1642,28.0,8.0,1,800.0,45720
1643,28.0,8.0,1,800.0,36720
1644,28.0,8.0,1,800.0,43470
1645,28.0,8.0,1,800.0,43920
1646,28.0,8.0,1,800.0,44370
1647,28.0,8.0,1,800.0,45270
1648,28.0,8.0,1,800.0,47970
1649,28.0,8.0,1,800.0,46620
1650,28.0,8.0,1,800.0,47070
1651,28.0,8.0,1,800.0,47520
1652,28.0,8.0,1,800.0,48420
1653,28.0,8.0,1,800.0,51120
1654,28.0,8.0,1,800.0,49320
1655,28.0,8.0,1,800.0,49770
1656,28.0,8.0,1,800.0,50670
1657,28.0,8.0,1,800.0,51570
1658,28.0,8.0,1,800.0,53370
1659,28.0,8.0,1,800.0,53820
1660,28.0,8.0,1,800.0,54270
1661,28.0,8.0,1,800.0,54720
1662,28.0,8.0,1,800.0,56160
1663,28.0,8.0,1,800.0,56880
1664,28.0,8.0,1,800.0,57210
1665,28.0,8.0,1,800.0,57540
1666,28.0,8.0,1,800.0,57780
1667,28.0,8.0,1,800.0,58980
1668,28.0,8.0,1,800.0,58020
1669,28.0,8.0,1,800.0,58500
1670,28.0,8.0,1,800.0,58740
1671,28.0,8.0,1,800.0,59220
1672,28.0,8.0,1,800.0,59430
1673,28.0,8.0,1,800.0,59640
1674,28.0,8.0,1,800.0,61740
1675,28.0,8.0,1,800.0,60900
1676,28.0,8.0,1,800.0,61050
1677,28.0,8.0,1,800.0,61380
1678,28.0,8.0,1,800.0,62100
1679,28.0,8.0,1,800.0,62520
1680,28.0,8.0,1,800.0,62730
1681,28.0,8.0,1,800.0,62940
1682,28.0,8.0,1,800.0,63360
1683,28.0,8.0,1,800.0,65130
1684,28.0,8.0,1,800.0,64320
1685,28.0,8.0,1,800.0,64560
1686,28.0,8.0,1,800.0,64830
1687,28.0,8.0,1,800.0,65490
1688,28.0,8.0,1,800.0,69090
1689,28.0,8.0,1,800.0,46170
1690,28.0,8.0,1,800.0,66210
1691,28.0,8.0,1,800.0,66570
1692,28.0,8.0,1,800.0,50220
1693,28.0,8.0,1,800.0,60720
1694,28.0,8.0,1,800.0,59850
1695,28.0,8.0,1,800.0,60240
1696,28.0,8.0,1,800.0,60390
1697,28.0,8.0,1,800.0,66930
1698,28.0,8.0,1,800.0,67290
1699,28.0,8.0,1,800.0,67740
1700,28.0,8.0,1,800.0,68640
1701,28.0,8.0,1,800.0,71340
1702,28.0,8.0,1,800.0,69540
1703,28.0,8.0,1,800.0,69990
1704,28.0,8.0,1,800.0,70440
1705,28.0,8.0,1,800.0,71790
1706,28.0,8.0,1,800.0,72240
1707,28.0,8.0,1,800.0,72690
1708,28.0,8.0,1,800.0,73140
1709,28.0,8.0,1,800.0,74490
1710,28.0,8.0,1,800.0,75390
1711,28.0,8.0,1,800.0,75840
1712,28.0,8.0,1,800.0,76290
1713,28.0,8.0,1,800.0,76740
1714,28.0,8.0,1,800.0,77190
1715,28.0,8.0,1,800.0,77640
1716,28.0,8.0,1,800.0,73590
1717,28.0,8.0,1,800.0,80340
1718,28.0,8.0,1,800.0,78990
1719,28.0,8.0,1,800.0,79440
1720,28.0,8.0,1,800.0,79890
1721,28.0,8.0,1,800.0,80790
1722,28.0,8.0,1,800.0,81240
1723,28.0,8.0,1,800.0,85200
1724,28.0,8.0,1,800.0,83040
1725,28.0,8.0,1,800.0,83520
1726,28.0,8.0,1,800.0,84600
1727,28.0,8.0,1,800.0,600
1728,28.0,8.0,1,800.0,1200
1729,28.0,8.0,1,800.0,3000
1730,28.0,8.0,1,800.0,3900
1731,28.0,8.0,1,800.0,4800
1732,28.0,8.0,1,800.0,5700
1733,28.0,8.0,1,800.0,6600
1734,28.0,8.0,1,800.0,7500
1735,28.0,8.0,1,800.0,9300
1736,28.0,8.0,1,800.0,8400
1737,28.0,8.0,1,800.0,10200
1738,53.0,8.0,0,800.0,30360
1739,28.0,8.0,1,800.0,82140
1740,53.0,8.0,0,800.0,32520
1741,28.0,8.0,1,800.0,32760
1742,53.0,8.0,0,800.0,24000
1743,28.0,8.0,1,800.0,0
1744,28.0,8.0,1,800.0,34200
1745,28.0,8.0,1,800.0,55080
1746,28.0,8.0,1,800.0,52020
1747,28.0,8.0,1,800.0,24000
1748,53.0,8.0,0,800.0,70200
1749,53.0,8.0,0,800.0,30150
1750,28.0,8.0,1,800.0,61920
1751,53.0,8.0,0,800.0,26400
1752,53.0,8.0,0,800.0,80100
1753,53.0,8.0,0,800.0,64500
1754,53.0,8.0,0,800.0,73800
1755,53.0,8.0,0,800.0,77850
1756,28.0,8.0,1,800.0,55800
1757,28.0,8.0,1,800.0,70890
1758,53.0,8.0,0,800.0,81450
1759,28.0,8.0,1,800.0,74040
1760,28.0,8.0,1,800.0,78090
1761,28.0,8.0,1,800.0,81690
1762,53.0,8.0,0,800.0,67680
1763,28.0,8.0,1,800.0,33120
1764,53.0,8.0,0,800.0,44550
1765,53.0,8.0,0,800.0,36450
1766,28.0,8.0,1,800.0,52920
1767,28.0,8.0,1,800.0,41220
1768,28.0,8.0,1,800.0,44820
1769,28.0,8.0,1,800.0,48870
1770,53.0,8.0,0,800.0,73350
1771,53.0,8.0,0,800.0,76950
1772,28.0,8.0,1,800.0,68190
1773,53.0,8.0,0,800.0,69840
1774,28.0,8.0,1,800.0,74940
1775,28.0,8.0,1,800.0,78540
1776,28.0,8.0,1,800.0,82590
1777,53.0,8.0,0,800.0,48150
1778,53.0,8.0,0,800.0,40050
1779,53.0,8.0,0,800.0,81000
1780,53.0,8.0,0,800.0,29130
1781,53.0,8.0,0,800.0,1800
1782,28.0,8.0,1,800.0,62310
1783,28.0,8.0,1,800.0,64080
1784,28.0,8.0,1,800.0,2100
1785,53.0,8.0,0,800.0,52560
1786,53.0,8.0,0,800.0,66600
1787,53.0,8.0,0,800.0,25920
1788,28.0,8.0,1,800.0,60570
1789,53.0,8.0,0,800.0,23340
1790,28.0,8.0,1,800.0,84000
1791,28.0,8.0,1,800.0,85800
1792,53.0,8.0,0,800.0,60600
1793,28.0,8.0,1,800.0,29100
1794,53.0,8.0,0,800.0,52920
1795,53.0,8.0,0,800.0,56520
1796,28.0,8.0,1,800.0,30900
1797,28.0,8.0,1,800.0,35820
1798,28.0,8.0,1,800.0,26400
1799,28.0,8.0,1,800.0,34560
1800,28.0,8.0,1,800.0,55440
1801,28.0,8.0,1,800.0,23700
1802,28.0,8.0,1,800.0,25500
1803,53.0,8.0,0,800.0,53280
1804,53.0,8.0,0,800.0,63600
1805,53.0,8.0,0,800.0,71100
1806,53.0,8.0,0,800.0,68760
1807,28.0,8.0,1,800.0,56520
1808,53.0,8.0,0,800.0,62400
1809,28.0,8.0,1,800.0,63600
1810,53.0,8.0,0,800.0,27780
1811,53.0,8.0,0,800.0,29790
1812,28.0,8.0,1,800.0,20880
1813,28.0,8.0,1,800.0,60060
1814,28.0,8.0,1,800.0,61560
1815,28.0,8.0,1,800.0,35400
1816,53.0,8.0,0,800.0,69120
1817,28.0,8.0,1,800.0,65850
1818,28.0,8.0,1,800.0,61230
1819,53.0,8.0,0,800.0,71550
1820,53.0,8.0,0,800.0,66960
1821,28.0,8.0,1,800.0,27000
1822,28.0,8.0,1,800.0,29700
1823,53.0,8.0,0,800.0,60300
1824,28.0,8.0,1,800.0,25800
1825,28.0,8.0,1,800.0,31500
1826,53.0,8.0,0,800.0,31920
1827,53.0,8.0,0,800.0,58500
1828,53.0,8.0,0,800.0,62100
1829,53.0,8.0,0,800.0,64200
1830,53.0,8.0,0,800.0,56160
1831,28.0,8.0,1,800.0,24300
1832,28.0,8.0,1,800.0,18300
1833,28.0,8.0,1,800.0,21240
1834,53.0,8.0,0,800.0,63900
1835,53.0,8.0,0,800.0,65700
1836,53.0,8.0,0,800.0,83700
1837,28.0,8.0,1,800.0,58260
1838,28.0,8.0,1,800.0,63150
1839,53.0,8.0,0,800.0,67320
1840,28.0,8.0,1,800.0,63840
1841,661.0,56.0,1,80.0,18837
1842,661.0,56.0,1,80.0,27246
1843,661.0,56.0,1,80.0,36991
1844,661.0,56.0,1,80.0,46896
1845,661.0,56.0,1,80.0,57158
1846,661.0,56.0,1,80.0,68223
1847,661.0,56.0,1,80.0,30246
1848,661.0,56.0,1,80.0,39753
1849,661.0,56.0,1,80.0,49836
1850,661.0,56.0,1,80.0,60464
1851,661.0,56.0,1,80.0,71193
1852,661.0,56.0,1,80.0,80431
1853,661.0,56.0,1,80.0,20307
1854,661.0,56.0,1,80.0,28476
1855,661.0,56.0,1,80.0,60974
1856,661.0,56.0,1,80.0,30756
1857,661.0,56.0,1,80.0,57880
1858,661.0,56.0,1,80.0,69183
1859,661.0,56.0,1,80.0,77911
1860,661.0,56.0,1,80.0,36091
1861,661.0,56.0,1,80.0,26496
1862,661.0,56.0,1,80.0,45876
1863,661.0,56.0,1,80.0,55716
1864,661.0,56.0,1,80.0,66488
1865,661.0,56.0,1,80.0,59864
1866,661.0,56.0,1,80.0,24241
1867,661.0,56.0,1,80.0,34291
1868,661.0,56.0,1,80.0,43836
1869,661.0,56.0,1,80.0,54216
1870,661.0,56.0,1,80.0,75451
1871,661.0,56.0,1,80.0,65710
1872,661.0,56.0,1,80.0,27996
1873,661.0,56.0,1,80.0,37891
1874,661.0,56.0,1,80.0,47916
1875,661.0,56.0,1,80.0,58602
1876,661.0,56.0,1,80.0,29496
1877,661.0,56.0,1,80.0,38793
1878,661.0,56.0,1,80.0,48876
1879,661.0,56.0,1,80.0,59264
1880,661.0,56.0,1,80.0,70173
1881,661.0,56.0,1,80.0,79171
1882,661.0,56.0,1,80.0,61394
1883,661.0,56.0,1,80.0,72213
1884,661.0,56.0,1,80.0,40773
1885,661.0,56.0,1,80.0,31746
1886,661.0,56.0,1,80.0,61814
1887,661.0,56.0,1,80.0,50796
1888,661.0,56.0,1,80.0,53406
1889,661.0,56.0,1,80.0,64334
1890,661.0,56.0,1,80.0,74371
1891,661.0,56.0,1,80.0,56436
1892,661.0,56.0,1,80.0,76651
1893,661.0,56.0,1,80.0,67326
1894,661.0,56.0,1,80.0,24991
1895,661.0,56.0,1,80.0,54996
1896,661.0,56.0,1,80.0,35191
1897,661.0,56.0,1,80.0,44856
1898,661.0,56.0,1,80.0,23461
1899,661.0,56.0,1,80.0,33423
1900,661.0,56.0,1,80.0,42816
1901,661.0,56.0,1,80.0,52566
1902,661.0,56.0,1,80.0,63734
1903,661.0,56.0,1,80.0,22559
1904,661.0,56.0,1,80.0,31776
1905,661.0,56.0,1,80.0,21539
1906,661.0,56.0,1,80.0,30096
1907,661.0,56.0,1,80.0,63254
1908,661.0,56.0,1,80.0,35041
1909,661.0,56.0,1,80.0,25743
1910,661.0,56.0,1,80.0,29196
1911,661.0,56.0,1,80.0,30966
1912,661.0,56.0,1,80.0,31356
1913,661.0,56.0,1,80.0,29556
1914,661.0,56.0,1,80.0,28746
1915,661.0,56.0,1,80.0,62774
1916,661.0,56.0,1,80.0,73293
1917,661.0,56.0,1,80.0,81751
1918,661.0,56.0,1,80.0,64992
1919,720.0,56.0,1,80.0,26310
1920,661.0,56.0,1,80.0,33243
1921,661.0,56.0,1,80.0,32583
1922,661.0,56.0,1,80.0,41793
1923,661.0,56.0,1,80.0,51696
1924,661.0,56.0,1,80.0,62294
1925,661.0,56.0,1,80.0,32433
1926,537.0,52.0,1,80.0,16200
1927,537.0,52.0,1,80.0,17400
1928,537.0,52.0,1,80.0,18540
1929,537.0,52.0,1,80.0,19620
1930,537.0,52.0,1,80.0,20580
1931,537.0,52.0,1,80.0,21420
1932,537.0,52.0,1,80.0,22080
1933,537.0,52.0,1,80.0,22620
1934,537.0,52.0,1,80.0,23040
1935,537.0,52.0,1,80.0,23460
1936,537.0,52.0,1,80.0,23880
1937,537.0,52.0,1,80.0,24300
1938,537.0,52.0,1,80.0,24750
1939,537.0,52.0,1,80.0,25200
1940,537.0,52.0,1,80.0,27480
1941,537.0,52.0,1,80.0,25680
1942,537.0,52.0,1,80.0,26220
1943,537.0,52.0,1,80.0,26820
1944,537.0,52.0,1,80.0,28200
1945,537.0,52.0,1,80.0,29010
1946,537.0,52.0,1,80.0,29820
1947,537.0,52.0,1,80.0,30630
1948,537.0,52.0,1,80.0,31440
1949,537.0,52.0,1,80.0,33870
1950,537.0,52.0,1,80.0,32250
1951,537.0,52.0,1,80.0,35490
1952,537.0,52.0,1,80.0,33060
1953,537.0,52.0,1,80.0,36300
1954,537.0,52.0,1,80.0,34680
1955,537.0,52.0,1,80.0,36690
1956,537.0,52.0,1,80.0,37140
1957,537.0,52.0,1,80.0,40410
1958,537.0,52.0,1,80.0,37980
1959,537.0,52.0,1,80.0,38790
1960,537.0,52.0,1,80.0,39600
1961,537.0,52.0,1,80.0,41220
1962,537.0,52.0,1,80.0,42030
1963,537.0,52.0,1,80.0,42840
1964,537.0,52.0,1,80.0,43650
1965,537.0,52.0,1,80.0,44460
1966,537.0,52.0,1,80.0,45270
1967,537.0,52.0,1,80.0,46080
1968,537.0,52.0,1,80.0,46890
1969,537.0,52.0,1,80.0,47700
1970,537.0,52.0,1,80.0,48510
1971,537.0,52.0,1,80.0,49320
1972,537.0,52.0,1,80.0,50130
1973,537.0,52.0,1,80.0,50940
1974,537.0,52.0,1,80.0,51750
1975,537.0,52.0,1,80.0,52530
1976,537.0,52.0,1,80.0,55440
1977,537.0,52.0,1,80.0,53280
1978,537.0,52.0,1,80.0,54000
1979,537.0,52.0,1,80.0,54720
1980,537.0,52.0,1,80.0,56160
1981,537.0,52.0,1,80.0,56910
1982,537.0,52.0,1,80.0,57660
1983,537.0,52.0,1,80.0,58410
1984,537.0,52.0,1,80.0,59160
1985,537.0,52.0,1,80.0,61170
1986,537.0,52.0,1,80.0,59940
1987,537.0,52.0,1,80.0,62460
1988,537.0,52.0,1,80.0,60750
1989,537.0,52.0,1,80.0,62880
1990,537.0,52.0,1,80.0,61590
1991,537.0,52.0,1,80.0,63330
1992,537.0,52.0,1,80.0,63780
1993,537.0,52.0,1,80.0,64230
1994,537.0,52.0,1,80.0,65160
1995,537.0,52.0,1,80.0,65640
1996,537.0,52.0,1,80.0,66120
1997,537.0,52.0,1,80.0,67080
1998,537.0,52.0,1,80.0,67560
1999,537.0,52.0,1,80.0,68040
2000,537.0,52.0,1,80.0,69030
2001,537.0,52.0,1,80.0,69540
2002,537.0,52.0,1,80.0,70080
2003,537.0,52.0,1,80.0,70620
2004,537.0,52.0,1,80.0,71160
2005,537.0,52.0,1,80.0,72270
2006,537.0,52.0,1,80.0,73440
2007,537.0,52.0,1,80.0,74070
2008,537.0,52.0,1,80.0,74730
2009,537.0,52.0,1,80.0,76050
2010,537.0,52.0,1,80.0,76710
2011,537.0,52.0,1,80.0,77370
2012,537.0,52.0,1,80.0,78780
2013,537.0,52.0,1,80.0,80190
2014,537.0,52.0,1,80.0,80880
2015,537.0,52.0,1,80.0,81600
2016,537.0,52.0,1,80.0,81900
2017,537.0,52.0,1,80.0,83100
2018,537.0,52.0,1,80.0,84210
2019,537.0,52.0,1,80.0,85350
2020,532.0,52.0,1,80.0,14521
2021,532.0,52.0,1,80.0,15721
2022,532.0,52.0,1,80.0,16921
2023,532.0,52.0,1,80.0,18571
2024,532.0,52.0,1,80.0,19981
2025,532.0,52.0,1,80.0,21211
2026,532.0,52.0,1,80.0,23221
2027,532.0,52.0,1,80.0,47611
2028,532.0,52.0,1,80.0,51661
2029,532.0,52.0,1,80.0,54091
2030,532.0,52.0,1,80.0,55801
2031,323.0,50.0,1,80.0,20310
2032,323.0,50.0,1,80.0,23730
2033,323.0,50.0,1,80.0,21510
2034,323.0,50.0,1,80.0,22410
2035,323.0,50.0,1,80.0,23130
2036,323.0,50.0,1,80.0,24120
2037,323.0,50.0,1,80.0,24450
2038,323.0,50.0,1,80.0,24810
2039,323.0,50.0,1,80.0,25200
2040,323.0,50.0,1,80.0,25590
2041,323.0,50.0,1,80.0,26010
2042,323.0,50.0,1,80.0,26460
2043,323.0,50.0,1,80.0,26940
2044,323.0,50.0,1,80.0,27450
2045,323.0,50.0,1,80.0,27960
2046,323.0,50.0,1,80.0,31050
2047,323.0,50.0,1,80.0,28470
2048,323.0,50.0,1,80.0,28980
2049,323.0,50.0,1,80.0,30510
2050,323.0,50.0,1,80.0,29490
2051,323.0,50.0,1,80.0,30000
2052,323.0,50.0,1,80.0,31590
2053,323.0,50.0,1,80.0,32130
2054,323.0,50.0,1,80.0,32670
2055,323.0,50.0,1,80.0,33240
2056,323.0,50.0,1,80.0,33870
2057,323.0,50.0,1,80.0,34560
2058,323.0,50.0,1,80.0,35310
2059,323.0,50.0,1,80.0,36090
2060,323.0,50.0,1,80.0,36930
2061,323.0,50.0,1,80.0,37800
2062,323.0,50.0,1,80.0,38700
2063,323.0,50.0,1,80.0,39660
2064,323.0,50.0,1,80.0,40680
2065,323.0,50.0,1,80.0,41700
2066,323.0,50.0,1,80.0,42720
2067,323.0,50.0,1,80.0,43740
2068,323.0,50.0,1,80.0,47850
2069,323.0,50.0,1,80.0,44760
2070,323.0,50.0,1,80.0,45810
2071,323.0,50.0,1,80.0,46830
2072,323.0,50.0,1,80.0,48870
2073,323.0,50.0,1,80.0,49890
2074,323.0,50.0,1,80.0,50910
2075,323.0,50.0,1,80.0,51930
2076,323.0,50.0,1,80.0,52860
2077,323.0,50.0,1,80.0,53700
2078,323.0,50.0,1,80.0,56460
2079,323.0,50.0,1,80.0,54480
2080,323.0,50.0,1,80.0,55140
2081,323.0,50.0,1,80.0,55800
2082,323.0,50.0,1,80.0,57120
2083,323.0,50.0,1,80.0,58440
2084,323.0,50.0,1,80.0,59070
2085,323.0,50.0,1,80.0,59700
2086,323.0,50.0,1,80.0,60990
2087,323.0,50.0,1,80.0,61680
2088,323.0,50.0,1,80.0,62400
2089,323.0,50.0,1,80.0,63900
2090,323.0,50.0,1,80.0,65400
2091,323.0,50.0,1,80.0,66180
2092,323.0,50.0,1,80.0,66960
2093,323.0,50.0,1,80.0,57780
2094,323.0,50.0,1,80.0,63150
2095,323.0,50.0,1,80.0,64650
2096,323.0,50.0,1,80.0,67770
2097,323.0,50.0,1,80.0,68580
2098,323.0,50.0,1,80.0,73530
2099,323.0,50.0,1,80.0,69480
2100,323.0,50.0,1,80.0,70410
2101,323.0,50.0,1,80.0,72450
2102,323.0,50.0,1,80.0,77880
2103,323.0,50.0,1,80.0,74610
2104,323.0,50.0,1,80.0,75690
2105,323.0,50.0,1,80.0,76770
2106,323.0,50.0,1,80.0,78990
2107,323.0,50.0,1,80.0,80100
2108,323.0,50.0,1,80.0,83700
2109,323.0,50.0,1,80.0,81300
2110,323.0,50.0,1,80.0,82500
2111,1160.0,490.0,1,80.0,24750
2112,1160.0,490.0,1,80.0,26250
2113,1160.0,490.0,1,80.0,27780
2114,1160.0,490.0,1,80.0,28440
2115,1160.0,490.0,1,80.0,29940
2116,1160.0,490.0,1,80.0,32400
2117,1160.0,490.0,1,80.0,53160
2118,1160.0,490.0,1,80.0,53640
2119,1160.0,490.0,1,80.0,56310
2120,1160.0,490.0,1,80.0,57930
2121,1160.0,490.0,1,80.0,58470
2122,1160.0,490.0,1,80.0,59550
2123,1160.0,490.0,1,80.0,60090
2124,1160.0,490.0,1,80.0,61800
2125,323.0,50.0,1,80.0,60330
2126,323.0,50.0,1,80.0,71400
2127,1160.0,490.0,1,80.0,63000
2128,1160.0,490.0,1,80.0,61200
2129,1069.0,74.0,1,80.0,15660
2130,1069.0,74.0,1,80.0,24240
2131,1069.0,74.0,1,80.0,30840
2132,1069.0,74.0,1,80.0,36870
2133,1069.0,74.0,1,80.0,41820
2134,1069.0,74.0,1,80.0,49920
2135,1069.0,74.0,1,80.0,58050
2136,1069.0,74.0,1,80.0,67110
2137,1069.0,74.0,1,80.0,85110
2138,1069.0,74.0,1,80.0,22500
2139,1069.0,74.0,1,80.0,30240
2140,1069.0,74.0,1,80.0,34800
2141,1069.0,74.0,1,80.0,41100
2142,1069.0,74.0,1,80.0,48090
2143,1069.0,74.0,1,80.0,55680
2144,1069.0,74.0,1,80.0,62820
2145,1069.0,74.0,1,80.0,74730
2146,1069.0,74.0,1,80.0,3810
2147,1069.0,74.0,1,80.0,19440
2148,1069.0,74.0,1,80.0,28620
2149,1069.0,74.0,1,80.0,33450
2150,1069.0,74.0,1,80.0,39660
2151,1069.0,74.0,1,80.0,44700
2152,1069.0,74.0,1,80.0,54780
2153,1069.0,74.0,1,80.0,61590
2154,1069.0,74.0,1,80.0,71730
2155,1069.0,74.0,1,80.0,81300
2156,1069.0,74.0,1,80.0,2640
2157,1069.0,74.0,1,80.0,20250
2158,1069.0,74.0,1,80.0,27690
2159,1069.0,74.0,1,80.0,34110
2160,1069.0,74.0,1,80.0,38940
2161,1069.0,74.0,1,80.0,46890
2162,1069.0,74.0,1,80.0,54330
2163,1069.0,74.0,1,80.0,63630
2164,1069.0,74.0,1,80.0,82530
2165,1069.0,74.0,1,80.0,25410
2166,1069.0,74.0,1,80.0,17640
2167,1069.0,74.0,1,80.0,32130
2168,1069.0,74.0,1,80.0,38250
2169,1069.0,74.0,1,80.0,68910
2170,1069.0,74.0,1,80.0,43260
2171,1069.0,74.0,1,80.0,51630
2172,1069.0,74.0,1,80.0,59010
2173,1069.0,74.0,1,80.0,76890
2174,1069.0,74.0,1,80.0,0
2175,1069.0,74.0,1,80.0,14400
2176,1069.0,74.0,1,80.0,24810
2177,1069.0,74.0,1,80.0,31470
2178,1069.0,74.0,1,80.0,36180
2179,1069.0,74.0,1,80.0,66210
2180,1069.0,74.0,1,80.0,42540
2181,1069.0,74.0,1,80.0,49530
2182,1069.0,74.0,1,80.0,58530
2183,1069.0,74.0,1,80.0,77970
2184,1069.0,74.0,1,80.0,600
2185,1069.0,74.0,1,80.0,5010
2186,1069.0,74.0,1,80.0,21510
2187,1069.0,74.0,1,80.0,29670
2188,1069.0,74.0,1,80.0,35490
2189,1069.0,74.0,1,80.0,65310
2190,1069.0,74.0,1,80.0,40380
2191,1069.0,74.0,1,80.0,48630
2192,1069.0,74.0,1,80.0,56610
2193,1069.0,74.0,1,80.0,73680
2194,1069.0,74.0,1,80.0,18540
2195,1069.0,74.0,1,80.0,26100
2196,1069.0,74.0,1,80.0,83820
2197,1069.0,74.0,1,80.0,32790
2198,1069.0,74.0,1,80.0,37560
2199,1069.0,74.0,1,80.0,68010
2200,1069.0,74.0,1,80.0,43980
2201,1069.0,74.0,1,80.0,50730
2202,1069.0,74.0,1,80.0,59490
2203,1069.0,74.0,1,80.0,75810
2204,1069.0,74.0,1,80.0,20910
2205,1069.0,74.0,1,80.0,23220
2206,1069.0,74.0,1,80.0,29130
2207,1069.0,74.0,1,80.0,16740
2208,1069.0,74.0,1,80.0,23730
2209,983.0,73.0,1,80.0,55650
2210,983.0,73.0,1,80.0,22110
2211,983.0,73.0,1,80.0,16710
2212,983.0,73.0,1,80.0,28590
2213,983.0,73.0,1,80.0,31620
2214,983.0,73.0,1,80.0,18750
2215,983.0,73.0,1,80.0,24390
2216,983.0,73.0,1,80.0,38370
2217,983.0,73.0,1,80.0,44940
2218,983.0,73.0,1,80.0,51840
2219,983.0,73.0,1,80.0,59490
2220,983.0,73.0,1,80.0,17760
2221,983.0,73.0,1,80.0,23370
2222,983.0,73.0,1,80.0,30270
2223,983.0,73.0,1,80.0,43830
2224,983.0,73.0,1,80.0,37320
2225,983.0,73.0,1,80.0,50520
2226,983.0,73.0,1,80.0,58170
2227,983.0,73.0,1,80.0,26160
2228,983.0,73.0,1,80.0,33300
2229,983.0,73.0,1,80.0,39450
2230,983.0,73.0,1,80.0,46020
2231,983.0,73.0,1,80.0,53130
2232,983.0,73.0,1,80.0,36270
2233,983.0,73.0,1,80.0,60810
2234,983.0,73.0,1,80.0,29130
2235,983.0,73.0,1,80.0,42720
2236,983.0,73.0,1,80.0,49740
2237,983.0,73.0,1,80.0,57540
2238,983.0,73.0,1,80.0,72300
2239,983.0,73.0,1,80.0,65760
2240,983.0,73.0,1,80.0,78000
2241,983.0,73.0,1,80.0,82650
2242,983.0,73.0,1,80.0,34230
2243,983.0,73.0,1,80.0,27120
2244,983.0,73.0,1,80.0,40530
2245,983.0,73.0,1,80.0,48000
2246,983.0,73.0,1,80.0,55020
2247,983.0,73.0,1,80.0,63360
2248,983.0,73.0,1,80.0,70980
2249,983.0,73.0,1,80.0,19680
2250,983.0,73.0,1,80.0,25260
2251,983.0,73.0,1,80.0,32430
2252,983.0,73.0,1,80.0,22770
2253,983.0,73.0,1,80.0,29700
2254,983.0,73.0,1,80.0,28080
2255,983.0,73.0,1,80.0,48900
2256,983.0,73.0,1,80.0,35220
2257,983.0,73.0,1,80.0,41610
2258,983.0,73.0,1,80.0,56280
2259,983.0,73.0,1,80.0,64470
2260,1069.0,74.0,1,80.0,57570
2261,983.0,73.0,1,80.0,62400
2262,983.0,73.0,1,80.0,54390
2263,983.0,73.0,1,80.0,69660
2264,983.0,73.0,1,80.0,76470
2265,983.0,73.0,1,80.0,81300
2266,983.0,73.0,1,80.0,51180
2267,983.0,73.0,1,80.0,58830
2268,983.0,73.0,1,80.0,67050
2269,983.0,73.0,1,80.0,73620
2270,983.0,73.0,1,80.0,78750
2271,983.0,73.0,1,80.0,47040
2272,983.0,73.0,1,80.0,53760
2273,983.0,73.0,1,80.0,61560
2274,983.0,73.0,1,80.0,23910
2275,983.0,73.0,1,80.0,30870
2276,983.0,73.0,1,80.0,52500
2277,983.0,73.0,1,80.0,68340
2278,983.0,73.0,1,80.0,60150
2279,983.0,73.0,1,80.0,79950
2280,983.0,73.0,1,80.0,75000
2281,1069.0,74.0,1,80.0,60000
2282,1069.0,74.0,1,80.0,53430
2283,1069.0,74.0,1,80.0,52980
2284,1069.0,74.0,1,80.0,79080
2285,1069.0,74.0,1,80.0,1560
2286,1069.0,74.0,1,80.0,61020
2287,1069.0,74.0,1,80.0,26880
2288,983.0,73.0,1,80.0,21390
2289,983.0,73.0,1,80.0,27600
2290,983.0,73.0,1,80.0,24840
2291,983.0,73.0,1,80.0,56910
2292,1069.0,74.0,1,80.0,72690
2293,1069.0,74.0,1,80.0,64440
2294,1069.0,74.0,1,80.0,57090
2295,1069.0,74.0,1,80.0,60510
2296,1069.0,74.0,1,80.0,69840
2297,1069.0,74.0,1,80.0,46170
2298,1069.0,74.0,1,80.0,45420
2299,1069.0,74.0,1,80.0,52080
2300,1069.0,74.0,1,80.0,62160
2301,1069.0,74.0,1,80.0,70770
2302,1069.0,74.0,1,80.0,80190
2303,983.0,73.0,1,80.0,25710
2304,983.0,73.0,1,80.0,15600
2305,983.0,73.0,1,80.0,20580
2306,983.0,73.0,1,80.0,26640
2307,817.0,72.0,1,80.0,12360
2308,817.0,72.0,1,80.0,14160
2309,817.0,72.0,1,80.0,51960
2310,817.0,72.0,1,80.0,53160
2311,817.0,72.0,1,80.0,53940
2312,817.0,72.0,1,80.0,55110
2313,817.0,72.0,1,80.0,55890
2314,817.0,72.0,1,80.0,57030
2315,817.0,72.0,1,80.0,57750
2316,817.0,72.0,1,80.0,58470
2317,783.0,72.0,1,80.0,23310
2318,783.0,72.0,1,80.0,25740
2319,783.0,72.0,1,80.0,23970
2320,783.0,72.0,1,80.0,24600
2321,783.0,72.0,1,80.0,25140
2322,783.0,72.0,1,80.0,26820
2323,783.0,72.0,1,80.0,28020
2324,783.0,72.0,1,80.0,29280
2325,783.0,72.0,1,80.0,29970
2326,783.0,72.0,1,80.0,31140
2327,783.0,72.0,1,80.0,31920
2328,783.0,72.0,1,80.0,36060
2329,783.0,72.0,1,80.0,38100
2330,783.0,72.0,1,80.0,59160
2331,783.0,72.0,1,80.0,61530
2332,783.0,72.0,1,80.0,62310
2333,783.0,72.0,1,80.0,63090
2334,783.0,72.0,1,80.0,63870
2335,783.0,72.0,1,80.0,64650
2336,784.0,72.0,1,80.0,16260
2337,783.0,72.0,1,80.0,65430
2338,783.0,72.0,1,80.0,67020
2339,783.0,72.0,1,80.0,67890
2340,784.0,72.0,1,80.0,17460
2341,784.0,72.0,1,80.0,18420
2342,783.0,72.0,1,80.0,60750
2343,783.0,72.0,1,80.0,66210
2344,784.0,72.0,1,80.0,14940
2345,784.0,72.0,1,80.0,19320
2346,784.0,72.0,1,80.0,20220
2347,784.0,72.0,1,80.0,20820
2348,784.0,72.0,1,80.0,21420
2349,784.0,72.0,1,80.0,21900
2350,784.0,72.0,1,80.0,22710
2351,784.0,72.0,1,80.0,24030
2352,784.0,72.0,1,80.0,24600
2353,784.0,72.0,1,80.0,25140
2354,784.0,72.0,1,80.0,25800
2355,784.0,72.0,1,80.0,26160
2356,784.0,72.0,1,80.0,26880
2357,784.0,72.0,1,80.0,27300
2358,784.0,72.0,1,80.0,28140
2359,784.0,72.0,1,80.0,28560
2360,784.0,72.0,1,80.0,30030
2361,784.0,72.0,1,80.0,30600
2362,784.0,72.0,1,80.0,31230
2363,784.0,72.0,1,80.0,31890
2364,784.0,72.0,1,80.0,32580
2365,784.0,72.0,1,80.0,33270
2366,784.0,72.0,1,80.0,22320
2367,784.0,72.0,1,80.0,23430
2368,784.0,72.0,1,80.0,29460
2369,784.0,72.0,1,80.0,33960
2370,784.0,72.0,1,80.0,34650
2371,784.0,72.0,1,80.0,37530
2372,784.0,72.0,1,80.0,35370
2373,784.0,72.0,1,80.0,36090
2374,784.0,72.0,1,80.0,36810
2375,784.0,72.0,1,80.0,38220
2376,784.0,72.0,1,80.0,38880
2377,784.0,72.0,1,80.0,39540
2378,784.0,72.0,1,80.0,40200
2379,784.0,72.0,1,80.0,40860
2380,784.0,72.0,1,80.0,41520
2381,784.0,72.0,1,80.0,42180
2382,784.0,72.0,1,80.0,42840
2383,784.0,72.0,1,80.0,43500
2384,784.0,72.0,1,80.0,44160
2385,784.0,72.0,1,80.0,44760
2386,784.0,72.0,1,80.0,45360
2387,784.0,72.0,1,80.0,45960
2388,784.0,72.0,1,80.0,48360
2389,784.0,72.0,1,80.0,46560
2390,784.0,72.0,1,80.0,47160
2391,784.0,72.0,1,80.0,47760
2392,784.0,72.0,1,80.0,48960
2393,784.0,72.0,1,80.0,49560
2394,784.0,72.0,1,80.0,50100
2395,784.0,72.0,1,80.0,50580
2396,784.0,72.0,1,80.0,51420
2397,784.0,72.0,1,80.0,51810
2398,784.0,72.0,1,80.0,52590
2399,784.0,72.0,1,80.0,53370
2400,784.0,72.0,1,80.0,53760
2401,784.0,72.0,1,80.0,54540
2402,784.0,72.0,1,80.0,55320
2403,784.0,72.0,1,80.0,55710
2404,784.0,72.0,1,80.0,56400
2405,784.0,72.0,1,80.0,57060
2406,784.0,72.0,1,80.0,57780
2407,784.0,72.0,1,80.0,59580
2408,784.0,72.0,1,80.0,58170
2409,784.0,72.0,1,80.0,58590
2410,784.0,72.0,1,80.0,59040
2411,784.0,72.0,1,80.0,60150
2412,784.0,72.0,1,80.0,60720
2413,784.0,72.0,1,80.0,61200
2414,784.0,72.0,1,80.0,61800
2415,784.0,72.0,1,80.0,62460
2416,784.0,72.0,1,80.0,63150
2417,784.0,72.0,1,80.0,63990
2418,784.0,72.0,1,80.0,64740
2419,784.0,72.0,1,80.0,65460
2420,784.0,72.0,1,80.0,66300
2421,784.0,72.0,1,80.0,67080
2422,784.0,72.0,1,80.0,67800
2423,784.0,72.0,1,80.0,68580
2424,784.0,72.0,1,80.0,71100
2425,784.0,72.0,1,80.0,69270
2426,784.0,72.0,1,80.0,69990
2427,784.0,72.0,1,80.0,70770
2428,784.0,72.0,1,80.0,71610
2429,784.0,72.0,1,80.0,72450
2430,784.0,72.0,1,80.0,72540
2431,784.0,72.0,1,80.0,73590
2432,784.0,72.0,1,80.0,74160
2433,784.0,72.0,1,80.0,74550
2434,784.0,72.0,1,80.0,75510
2435,784.0,72.0,1,80.0,76320
2436,784.0,72.0,1,80.0,76530
2437,784.0,72.0,1,80.0,77610
2438,784.0,72.0,1,80.0,78300
2439,784.0,72.0,1,80.0,78720
2440,784.0,72.0,1,80.0,79830
2441,784.0,72.0,1,80.0,80700
2442,784.0,72.0,1,80.0,84120
2443,784.0,72.0,1,80.0,80970
2444,784.0,72.0,1,80.0,82170
2445,784.0,72.0,1,80.0,83370
2446,784.0,72.0,1,80.0,85770
2447,784.0,72.0,1,80.0,1770
2448,784.0,72.0,1,80.0,3060
2449,784.0,72.0,1,80.0,84570
2450,784.0,72.0,1,80.0,570
2451,784.0,72.0,1,80.0,2970
2452,784.0,72.0,1,80.0,4260
2453,784.0,72.0,1,80.0,5460
2454,1077.0,74.0,1,80.0,13230
2455,1077.0,74.0,1,80.0,22350
2456,1077.0,74.0,1,80.0,23190
2457,1077.0,74.0,1,80.0,23790
2458,1077.0,74.0,1,80.0,24270
2459,1077.0,74.0,1,80.0,24810
2460,1077.0,74.0,1,80.0,25410
2461,1077.0,74.0,1,80.0,26040
2462,1077.0,74.0,1,80.0,26790
2463,1077.0,74.0,1,80.0,27570
2464,1077.0,74.0,1,80.0,28470
2465,1077.0,74.0,1,80.0,50640
2466,1077.0,74.0,1,80.0,47790
2467,1077.0,74.0,1,80.0,49380
2468,1077.0,74.0,1,80.0,51510
2469,1077.0,74.0,1,80.0,52860
2470,1077.0,74.0,1,80.0,54210
2471,1077.0,74.0,1,80.0,55560
2472,1077.0,74.0,1,80.0,56460
2473,1160.0,490.0,1,80.0,23850
2474,1160.0,490.0,1,80.0,20400
2475,1160.0,490.0,1,80.0,25080
2476,1160.0,490.0,1,80.0,24450
2477,1160.0,490.0,1,80.0,22800
2478,1160.0,490.0,1,80.0,23310
2479,1160.0,490.0,1,80.0,31560
2480,1160.0,490.0,1,80.0,20940
2481,1160.0,490.0,1,80.0,56850
2482,1160.0,490.0,1,80.0,25830
2483,1160.0,490.0,1,80.0,55230
2484,1160.0,490.0,1,80.0,60630
2485,1160.0,490.0,1,80.0,25440
2486,1160.0,490.0,1,80.0,21390
2487,1160.0,490.0,1,80.0,22350
2488,1160.0,490.0,1,80.0,59010
2489,1160.0,490.0,1,80.0,54150
2490,1160.0,490.0,1,80.0,54690
2491,1160.0,490.0,1,80.0,23040
2492,1160.0,490.0,1,80.0,62400
2493,1160.0,490.0,1,80.0,30720
2494,1160.0,490.0,1,80.0,22080
2495,1160.0,490.0,1,80.0,22590
2496,1160.0,490.0,1,80.0,23580
2497,1160.0,490.0,1,80.0,26700
2498,1160.0,490.0,1,80.0,52200
2499,1160.0,490.0,1,80.0,21780
2500,1160.0,490.0,1,80.0,57390
2501,1160.0,490.0,1,80.0,27180
2502,1160.0,490.0,1,80.0,52680
2503,1160.0,490.0,1,80.0,55770
2504,1160.0,490.0,1,80.0,24150
2505,1160.0,490.0,1,80.0,29160
2506,1160.0,490.0,1,80.0,19800
2507,624.0,56.0,0,80.0,15600
2508,624.0,56.0,0,80.0,23040
2509,624.0,56.0,0,80.0,32010
2510,624.0,56.0,0,80.0,42120
2511,624.0,56.0,0,80.0,63240
2512,624.0,56.0,0,80.0,52140
2513,624.0,56.0,0,80.0,25380
2514,624.0,56.0,0,80.0,35070
2515,624.0,56.0,0,80.0,45000
2516,624.0,56.0,0,80.0,66480
2517,624.0,56.0,0,80.0,76680
2518,624.0,56.0,0,80.0,55200
2519,624.0,56.0,0,80.0,16800
2520,624.0,56.0,0,80.0,24300
2521,624.0,56.0,0,80.0,55740
2522,624.0,56.0,0,80.0,26100
2523,624.0,56.0,0,80.0,52770
2524,624.0,56.0,0,80.0,64260
2525,624.0,56.0,0,80.0,74040
2526,624.0,56.0,0,80.0,22500
2527,624.0,56.0,0,80.0,31110
2528,624.0,56.0,0,80.0,41160
2529,624.0,56.0,0,80.0,50850
2530,624.0,56.0,0,80.0,61260
2531,624.0,56.0,0,80.0,54600
2532,624.0,56.0,0,80.0,20520
2533,624.0,56.0,0,80.0,28890
2534,624.0,56.0,0,80.0,39240
2535,624.0,56.0,0,80.0,49350
2536,624.0,56.0,0,80.0,71400
2537,624.0,56.0,0,80.0,60420
2538,624.0,56.0,0,80.0,32970
2539,624.0,56.0,0,80.0,23520
2540,624.0,56.0,0,80.0,53400
2541,624.0,56.0,0,80.0,43080
2542,624.0,56.0,0,80.0,24600
2543,624.0,56.0,0,80.0,34020
2544,624.0,56.0,0,80.0,44040
2545,624.0,56.0,0,80.0,54000
2546,624.0,56.0,0,80.0,65340
2547,624.0,56.0,0,80.0,75360
2548,624.0,56.0,0,80.0,67680
2549,624.0,56.0,0,80.0,36120
2550,624.0,56.0,0,80.0,26340
2551,624.0,56.0,0,80.0,45960
2552,624.0,56.0,0,80.0,56340
2553,624.0,56.0,0,80.0,48540
2554,624.0,56.0,0,80.0,58890
2555,624.0,56.0,0,80.0,70140
2556,624.0,56.0,0,80.0,51510
2557,624.0,56.0,0,80.0,62220
2558,624.0,56.0,0,80.0,72720
2559,624.0,56.0,0,80.0,21240
2560,624.0,56.0,0,80.0,50130
2561,624.0,56.0,0,80.0,29550
2562,624.0,56.0,0,80.0,40200
2563,624.0,56.0,0,80.0,19740
2564,624.0,56.0,0,80.0,27930
2565,624.0,56.0,0,80.0,38220
2566,624.0,56.0,0,80.0,47700
2567,624.0,56.0,0,80.0,58170
2568,624.0,56.0,0,80.0,18870
2569,624.0,56.0,0,80.0,26880
2570,624.0,56.0,0,80.0,17880
2571,624.0,56.0,0,80.0,25620
2572,624.0,56.0,0,80.0,21900
2573,624.0,56.0,0,80.0,30300
2574,624.0,56.0,0,80.0,24900
2575,624.0,56.0,0,80.0,25860
2576,624.0,56.0,0,80.0,26580
2577,624.0,56.0,0,80.0,25140
2578,624.0,56.0,0,80.0,23940
2579,624.0,56.0,0,80.0,68880
2580,624.0,56.0,0,80.0,78000
2581,624.0,56.0,0,80.0,57540
2582,624.0,56.0,0,80.0,59640
2583,624.0,56.0,0,80.0,24450
2584,624.0,56.0,0,80.0,28350
2585,624.0,56.0,0,80.0,37170
2586,624.0,56.0,0,80.0,56940
2587,624.0,56.0,0,80.0,46830
2588,624.0,56.0,0,80.0,27540
2589,624.0,56.0,0,80.0,27180
2590,573.0,52.0,0,80.0,16200
2591,573.0,52.0,0,80.0,21540
2592,573.0,52.0,0,80.0,18600
2593,573.0,52.0,0,80.0,19800
2594,573.0,52.0,0,80.0,20700
2595,573.0,52.0,0,80.0,22350
2596,573.0,52.0,0,80.0,23100
2597,573.0,52.0,0,80.0,23760
2598,573.0,52.0,0,80.0,24420
2599,573.0,52.0,0,80.0,24960
2600,573.0,52.0,0,80.0,27600
2601,573.0,52.0,0,80.0,25500
2602,573.0,52.0,0,80.0,26160
2603,573.0,52.0,0,80.0,26820
2604,573.0,52.0,0,80.0,28410
2605,573.0,52.0,0,80.0,28800
2606,573.0,52.0,0,80.0,17400
2607,573.0,52.0,0,80.0,29220
2608,573.0,52.0,0,80.0,29610
2609,573.0,52.0,0,80.0,30030
2610,573.0,52.0,0,80.0,30840
2611,573.0,52.0,0,80.0,31230
2612,573.0,52.0,0,80.0,31650
2613,573.0,52.0,0,80.0,32460
2614,573.0,52.0,0,80.0,33270
2615,573.0,52.0,0,80.0,35700
2616,573.0,52.0,0,80.0,34080
2617,573.0,52.0,0,80.0,34890
2618,573.0,52.0,0,80.0,35280
2619,573.0,52.0,0,80.0,36510
2620,573.0,52.0,0,80.0,37320
2621,573.0,52.0,0,80.0,38130
2622,573.0,52.0,0,80.0,38940
2623,573.0,52.0,0,80.0,39750
2624,573.0,52.0,0,80.0,41430
2625,573.0,52.0,0,80.0,42270
2626,573.0,52.0,0,80.0,43950
2627,573.0,52.0,0,80.0,44790
2628,573.0,52.0,0,80.0,45630
2629,573.0,52.0,0,80.0,47280
2630,573.0,52.0,0,80.0,40590
2631,573.0,52.0,0,80.0,43110
2632,573.0,52.0,0,80.0,46470
2633,573.0,52.0,0,80.0,48090
2634,573.0,52.0,0,80.0,48900
2635,573.0,52.0,0,80.0,51930
2636,573.0,52.0,0,80.0,49710
2637,573.0,52.0,0,80.0,50460
2638,573.0,52.0,0,80.0,53910
2639,573.0,52.0,0,80.0,51210
2640,573.0,52.0,0,80.0,52620
2641,573.0,52.0,0,80.0,53280
2642,573.0,52.0,0,80.0,54510
2643,573.0,52.0,0,80.0,55110
2644,573.0,52.0,0,80.0,55710
2645,573.0,52.0,0,80.0,56310
2646,573.0,52.0,0,80.0,56910
2647,573.0,52.0,0,80.0,57510
2648,573.0,52.0,0,80.0,58140
2649,573.0,52.0,0,80.0,58770
2650,573.0,52.0,0,80.0,59400
2651,573.0,52.0,0,80.0,61980
2652,573.0,52.0,0,80.0,60030
2653,573.0,52.0,0,80.0,60660
2654,573.0,52.0,0,80.0,61320
2655,573.0,52.0,0,80.0,62670
2656,573.0,52.0,0,80.0,63390
2657,573.0,52.0,0,80.0,64140
2658,573.0,52.0,0,80.0,64890
2659,573.0,52.0,0,80.0,65670
2660,573.0,52.0,0,80.0,66540
2661,573.0,52.0,0,80.0,67410
2662,573.0,52.0,0,80.0,70710
2663,573.0,52.0,0,80.0,68310
2664,573.0,52.0,0,80.0,69270
2665,573.0,52.0,0,80.0,70230
2666,573.0,52.0,0,80.0,71220
2667,573.0,52.0,0,80.0,72270
2668,573.0,52.0,0,80.0,73350
2669,573.0,52.0,0,80.0,74460
2670,573.0,52.0,0,80.0,75600
2671,573.0,52.0,0,80.0,82620
2672,573.0,52.0,0,80.0,76170
2673,573.0,52.0,0,80.0,76770
2674,573.0,52.0,0,80.0,81630
2675,573.0,52.0,0,80.0,77940
2676,573.0,52.0,0,80.0,79140
2677,573.0,52.0,0,80.0,80370
2678,573.0,52.0,0,80.0,83940
2679,573.0,52.0,0,80.0,85290
2680,430.0,52.0,0,80.0,14191
2681,430.0,52.0,0,80.0,15391
2682,430.0,52.0,0,80.0,16531
2683,430.0,52.0,0,80.0,17611
2684,430.0,52.0,0,80.0,18361
2685,430.0,52.0,0,80.0,21031
2686,430.0,52.0,0,80.0,19561
2687,430.0,52.0,0,80.0,20641
2688,430.0,52.0,0,80.0,21961
2689,430.0,52.0,0,80.0,22861
2690,430.0,52.0,0,80.0,23761
2691,430.0,52.0,0,80.0,42271
2692,430.0,52.0,0,80.0,52321
2693,373.0,50.0,0,80.0,57660
2694,373.0,50.0,0,80.0,57060
2695,338.0,50.0,0,80.0,16200
2696,338.0,50.0,0,80.0,17400
2697,338.0,50.0,0,80.0,18300
2698,338.0,50.0,0,80.0,19020
2699,338.0,50.0,0,80.0,20010
2700,338.0,50.0,0,80.0,20910
2701,338.0,50.0,0,80.0,21960
2702,338.0,50.0,0,80.0,25290
2703,338.0,50.0,0,80.0,22770
2704,338.0,50.0,0,80.0,23610
2705,338.0,50.0,0,80.0,24450
2706,338.0,50.0,0,80.0,25710
2707,338.0,50.0,0,80.0,26160
2708,338.0,50.0,0,80.0,28320
2709,338.0,50.0,0,80.0,26640
2710,338.0,50.0,0,80.0,27150
2711,338.0,50.0,0,80.0,27690
2712,338.0,50.0,0,80.0,29040
2713,338.0,50.0,0,80.0,29820
2714,338.0,50.0,0,80.0,30660
2715,338.0,50.0,0,80.0,31560
2716,338.0,50.0,0,80.0,32520
2717,338.0,50.0,0,80.0,33540
2718,338.0,50.0,0,80.0,34560
2719,338.0,50.0,0,80.0,35580
2720,338.0,50.0,0,80.0,36600
2721,338.0,50.0,0,80.0,37620
2722,338.0,50.0,0,80.0,38640
2723,338.0,50.0,0,80.0,39660
2724,338.0,50.0,0,80.0,40680
2725,338.0,50.0,0,80.0,41700
2726,338.0,50.0,0,80.0,42720
2727,338.0,50.0,0,80.0,43740
2728,338.0,50.0,0,80.0,44760
2729,338.0,50.0,0,80.0,45780
2730,338.0,50.0,0,80.0,46800
2731,338.0,50.0,0,80.0,47550
2732,338.0,50.0,0,80.0,48300
2733,338.0,50.0,0,80.0,49020
2734,338.0,50.0,0,80.0,52620
2735,338.0,50.0,0,80.0,49620
2736,338.0,50.0,0,80.0,50820
2737,338.0,50.0,0,80.0,52020
2738,338.0,50.0,0,80.0,53640
2739,338.0,50.0,0,80.0,54840
2740,338.0,50.0,0,80.0,55650
2741,338.0,50.0,0,80.0,56460
2742,338.0,50.0,0,80.0,57270
2743,338.0,50.0,0,80.0,58080
2744,338.0,50.0,0,80.0,58890
2745,338.0,50.0,0,80.0,59700
2746,338.0,50.0,0,80.0,60540
2747,338.0,50.0,0,80.0,61410
2748,338.0,50.0,0,80.0,62310
2749,338.0,50.0,0,80.0,63240
2750,338.0,50.0,0,80.0,64200
2751,338.0,50.0,0,80.0,65190
2752,338.0,50.0,0,80.0,67380
2753,338.0,50.0,0,80.0,68580
2754,338.0,50.0,0,80.0,69780
2755,338.0,50.0,0,80.0,70980
2756,338.0,50.0,0,80.0,72180
2757,338.0,50.0,0,80.0,73380
2758,338.0,50.0,0,80.0,74580
2759,338.0,50.0,0,80.0,75780
2760,338.0,50.0,0,80.0,76980
2761,338.0,50.0,0,80.0,78180
2762,338.0,50.0,0,80.0,79440
2763,1194.0,490.0,0,80.0,22320
2764,1194.0,490.0,0,80.0,24660
2765,1194.0,490.0,0,80.0,25470
2766,1194.0,490.0,0,80.0,29940
2767,1194.0,490.0,0,80.0,32400
2768,1194.0,490.0,0,80.0,52680
2769,1194.0,490.0,0,80.0,53160
2770,1194.0,490.0,0,80.0,59670
2771,1194.0,490.0,0,80.0,56610
2772,1194.0,490.0,0,80.0,63000
2773,395.0,50.0,0,80.0,19950
2774,395.0,50.0,0,80.0,20670
2775,395.0,50.0,0,80.0,22710
2776,395.0,50.0,0,80.0,20910
2777,395.0,50.0,0,80.0,21570
2778,395.0,50.0,0,80.0,21900
2779,395.0,50.0,0,80.0,23550
2780,395.0,50.0,0,80.0,24390
2781,395.0,50.0,0,80.0,25230
2782,395.0,50.0,0,80.0,50640
2783,395.0,50.0,0,80.0,51870
2784,395.0,50.0,0,80.0,53640
2785,338.0,50.0,0,80.0,66240
2786,395.0,50.0,0,80.0,54900
2787,1194.0,490.0,0,80.0,54630
2788,1194.0,490.0,0,80.0,57690
2789,395.0,50.0,0,80.0,54600
2790,1194.0,490.0,0,80.0,54570
2791,668.0,56.0,0,80.0,54960
2792,668.0,56.0,0,80.0,54360
2793,1138.0,74.0,0,80.0,14640
2794,1138.0,74.0,0,80.0,13380
2795,1138.0,74.0,0,80.0,16470
2796,1138.0,74.0,0,80.0,15720
2797,903.0,73.0,0,80.0,59043
2798,933.0,73.0,0,80.0,16200
2799,903.0,73.0,0,80.0,19316
2800,903.0,73.0,0,80.0,25263
2801,903.0,73.0,0,80.0,32396
2802,933.0,73.0,0,80.0,18210
2803,903.0,73.0,0,80.0,21506
2804,903.0,73.0,0,80.0,28143
2805,903.0,73.0,0,80.0,35036
2806,903.0,73.0,0,80.0,41610
2807,903.0,73.0,0,80.0,48180
2808,903.0,73.0,0,80.0,62887
2809,903.0,73.0,0,80.0,55143
2810,933.0,73.0,0,80.0,17250
2811,903.0,73.0,0,80.0,20486
2812,903.0,73.0,0,80.0,26853
2813,903.0,73.0,0,80.0,33926
2814,903.0,73.0,0,80.0,40560
2815,903.0,73.0,0,80.0,53823
2816,903.0,73.0,0,80.0,47070
2817,903.0,73.0,0,80.0,61567
2818,903.0,73.0,0,80.0,49260
2819,903.0,73.0,0,80.0,36446
2820,903.0,73.0,0,80.0,30180
2821,903.0,73.0,0,80.0,42690
2822,903.0,73.0,0,80.0,56463
2823,903.0,73.0,0,80.0,64297
2824,903.0,73.0,0,80.0,39510
2825,903.0,73.0,0,80.0,32906
2826,903.0,73.0,0,80.0,45960
2827,903.0,73.0,0,80.0,53043
2828,903.0,73.0,0,80.0,60933
2829,903.0,73.0,0,80.0,80460
2830,903.0,73.0,0,80.0,69093
2831,903.0,73.0,0,80.0,75210
2832,903.0,73.0,0,80.0,31080
2833,903.0,73.0,0,80.0,43770
2834,903.0,73.0,0,80.0,37406
2835,903.0,73.0,0,80.0,51240
2836,903.0,73.0,0,80.0,58413
2837,903.0,73.0,0,80.0,66903
2838,903.0,73.0,0,80.0,73980
2839,933.0,73.0,0,80.0,19140
2840,903.0,73.0,0,80.0,22466
2841,903.0,73.0,0,80.0,29220
2842,903.0,73.0,0,80.0,35726
2843,903.0,73.0,0,80.0,26073
2844,903.0,73.0,0,80.0,33416
2845,903.0,73.0,0,80.0,31946
2846,903.0,73.0,0,80.0,38460
2847,903.0,73.0,0,80.0,44850
2848,903.0,73.0,0,80.0,52200
2849,903.0,73.0,0,80.0,59673
2850,903.0,73.0,0,80.0,67953
2851,903.0,73.0,0,80.0,72750
2852,903.0,73.0,0,80.0,57783
2853,903.0,73.0,0,80.0,65943
2854,903.0,73.0,0,80.0,79076
2855,903.0,73.0,0,80.0,54483
2856,903.0,73.0,0,80.0,70290
2857,903.0,73.0,0,80.0,62227
2858,903.0,73.0,0,80.0,76440
2859,903.0,73.0,0,80.0,57123
2860,903.0,73.0,0,80.0,50280
2861,903.0,73.0,0,80.0,65103
2862,903.0,73.0,0,80.0,27543
2863,903.0,73.0,0,80.0,34436
2864,903.0,73.0,0,80.0,55803
2865,903.0,73.0,0,80.0,63547
2866,903.0,73.0,0,80.0,71520
2867,903.0,73.0,0,80.0,77726
2868,903.0,73.0,0,80.0,60303
2869,903.0,73.0,0,80.0,24330
2870,903.0,73.0,0,80.0,31496
2871,903.0,73.0,0,80.0,28743
2872,903.0,73.0,0,80.0,29700
2873,903.0,73.0,0,80.0,18146
2874,933.0,73.0,0,80.0,15090
2875,903.0,73.0,0,80.0,30630
2876,903.0,73.0,0,80.0,23400
2877,771.0,72.0,0,80.0,17400
2878,771.0,72.0,0,80.0,19200
2879,771.0,72.0,0,80.0,19770
2880,771.0,72.0,0,80.0,20880
2881,771.0,72.0,0,80.0,21300
2882,771.0,72.0,0,80.0,22380
2883,771.0,72.0,0,80.0,22560
2884,771.0,72.0,0,80.0,23190
2885,771.0,72.0,0,80.0,23520
2886,771.0,72.0,0,80.0,23820
2887,771.0,72.0,0,80.0,26970
2888,771.0,72.0,0,80.0,24360
2889,771.0,72.0,0,80.0,24960
2890,771.0,72.0,0,80.0,25770
2891,771.0,72.0,0,80.0,42210
2892,771.0,72.0,0,80.0,24720
2893,771.0,72.0,0,80.0,26040
2894,771.0,72.0,0,80.0,27180
2895,771.0,72.0,0,80.0,45180
2896,771.0,72.0,0,80.0,48180
2897,771.0,72.0,0,80.0,56730
2898,772.0,72.0,0,80.0,14460
2899,772.0,72.0,0,80.0,16260
2900,772.0,72.0,0,80.0,17880
2901,772.0,72.0,0,80.0,19440
2902,772.0,72.0,0,80.0,20640
2903,772.0,72.0,0,80.0,21720
2904,772.0,72.0,0,80.0,22740
2905,772.0,72.0,0,80.0,23730
2906,772.0,72.0,0,80.0,24540
2907,772.0,72.0,0,80.0,25140
2908,772.0,72.0,0,80.0,25620
2909,772.0,72.0,0,80.0,26040
2910,772.0,72.0,0,80.0,26460
2911,772.0,72.0,0,80.0,26850
2912,772.0,72.0,0,80.0,27240
2913,772.0,72.0,0,80.0,27630
2914,772.0,72.0,0,80.0,29160
2915,772.0,72.0,0,80.0,28020
2916,772.0,72.0,0,80.0,28410
2917,772.0,72.0,0,80.0,28800
2918,772.0,72.0,0,80.0,29520
2919,772.0,72.0,0,80.0,29820
2920,772.0,72.0,0,80.0,30900
2921,772.0,72.0,0,80.0,31680
2922,772.0,72.0,0,80.0,30180
2923,772.0,72.0,0,80.0,30540
2924,772.0,72.0,0,80.0,31260
2925,772.0,72.0,0,80.0,32100
2926,772.0,72.0,0,80.0,32520
2927,772.0,72.0,0,80.0,32940
2928,772.0,72.0,0,80.0,33360
2929,772.0,72.0,0,80.0,33840
2930,772.0,72.0,0,80.0,34410
2931,772.0,72.0,0,80.0,34980
2932,772.0,72.0,0,80.0,35550
2933,772.0,72.0,0,80.0,38040
2934,772.0,72.0,0,80.0,36150
2935,772.0,72.0,0,80.0,36750
2936,772.0,72.0,0,80.0,37380
2937,772.0,72.0,0,80.0,38700
2938,772.0,72.0,0,80.0,39360
2939,772.0,72.0,0,80.0,40080
2940,772.0,72.0,0,80.0,40800
2941,772.0,72.0,0,80.0,41520
2942,772.0,72.0,0,80.0,42240
2943,772.0,72.0,0,80.0,42930
2944,772.0,72.0,0,80.0,43620
2945,772.0,72.0,0,80.0,44310
2946,772.0,72.0,0,80.0,45000
2947,772.0,72.0,0,80.0,45690
2948,772.0,72.0,0,80.0,46380
2949,772.0,72.0,0,80.0,47070
2950,772.0,72.0,0,80.0,49740
2951,772.0,72.0,0,80.0,47760
2952,772.0,72.0,0,80.0,48420
2953,772.0,72.0,0,80.0,49080
2954,772.0,72.0,0,80.0,50400
2955,772.0,72.0,0,80.0,51000
2956,772.0,72.0,0,80.0,51600
2957,772.0,72.0,0,80.0,52200
2958,772.0,72.0,0,80.0,52800
2959,772.0,72.0,0,80.0,53340
2960,772.0,72.0,0,80.0,53880
2961,772.0,72.0,0,80.0,54390
2962,772.0,72.0,0,80.0,54840
2963,772.0,72.0,0,80.0,55260
2964,772.0,72.0,0,80.0,55680
2965,772.0,72.0,0,80.0,56070
2966,772.0,72.0,0,80.0,56460
2967,772.0,72.0,0,80.0,56850
2968,772.0,72.0,0,80.0,57240
2969,772.0,72.0,0,80.0,58800
2970,772.0,72.0,0,80.0,57630
2971,772.0,72.0,0,80.0,58020
2972,772.0,72.0,0,80.0,58410
2973,772.0,72.0,0,80.0,59190
2974,772.0,72.0,0,80.0,59580
2975,772.0,72.0,0,80.0,59970
2976,772.0,72.0,0,80.0,60360
2977,772.0,72.0,0,80.0,60750
2978,772.0,72.0,0,80.0,61140
2979,772.0,72.0,0,80.0,61530
2980,772.0,72.0,0,80.0,61920
2981,772.0,72.0,0,80.0,62310
2982,772.0,72.0,0,80.0,62700
2983,772.0,72.0,0,80.0,63120
2984,772.0,72.0,0,80.0,64710
2985,772.0,72.0,0,80.0,67680
2986,772.0,72.0,0,80.0,65760
2987,772.0,72.0,0,80.0,66360
2988,772.0,72.0,0,80.0,67020
2989,772.0,72.0,0,80.0,63600
2990,772.0,72.0,0,80.0,64140
2991,772.0,72.0,0,80.0,65280
2992,772.0,72.0,0,80.0,68370
2993,772.0,72.0,0,80.0,69060
2994,772.0,72.0,0,80.0,69780
2995,772.0,72.0,0,80.0,70500
2996,772.0,72.0,0,80.0,71220
2997,772.0,72.0,0,80.0,71940
2998,772.0,72.0,0,80.0,72660
2999,772.0,72.0,0,80.0,73380
3000,772.0,72.0,0,80.0,74100
3001,772.0,72.0,0,80.0,74820
3002,772.0,72.0,0,80.0,75660
3003,772.0,72.0,0,80.0,76500
3004,772.0,72.0,0,80.0,80160
3005,772.0,72.0,0,80.0,77400
3006,772.0,72.0,0,80.0,78300
3007,772.0,72.0,0,80.0,79200
3008,772.0,72.0,0,80.0,81180
3009,772.0,72.0,0,80.0,82200
3010,772.0,72.0,0,80.0,83280
3011,772.0,72.0,0,80.0,84420
3012,772.0,72.0,0,80.0,85620
3013,772.0,72.0,0,80.0,420
3014,772.0,72.0,0,80.0,1620
3015,772.0,72.0,0,80.0,2820
3016,772.0,72.0,0,80.0,3600
3017,772.0,72.0,0,80.0,4800
3018,772.0,72.0,0,80.0,6000
3019,873.0,72.0,0,80.0,13680
3020,873.0,72.0,0,80.0,15000
3021,1137.0,74.0,0,80.0,15780
3022,1137.0,74.0,0,80.0,17460
3023,1137.0,74.0,0,80.0,18720
3024,1137.0,74.0,0,80.0,19800
3025,1137.0,74.0,0,80.0,20700
3026,1137.0,74.0,0,80.0,21600
3027,1137.0,74.0,0,80.0,22500
3028,1137.0,74.0,0,80.0,23310
3029,1137.0,74.0,0,80.0,26160
3030,1137.0,74.0,0,80.0,24090
3031,1137.0,74.0,0,80.0,24870
3032,1137.0,74.0,0,80.0,25620
3033,1137.0,74.0,0,80.0,26670
3034,1137.0,74.0,0,80.0,27030
3035,1137.0,74.0,0,80.0,27390
3036,1137.0,74.0,0,80.0,27750
3037,1137.0,74.0,0,80.0,28110
3038,1137.0,74.0,0,80.0,28470
3039,1137.0,74.0,0,80.0,28830
3040,1137.0,74.0,0,80.0,29160
3041,1137.0,74.0,0,80.0,29490
3042,1137.0,74.0,0,80.0,29790
3043,1137.0,74.0,0,80.0,30120
3044,1137.0,74.0,0,80.0,30480
3045,1137.0,74.0,0,80.0,30870
3046,1137.0,74.0,0,80.0,31260
3047,1137.0,74.0,0,80.0,32880
3048,1137.0,74.0,0,80.0,31650
3049,1137.0,74.0,0,80.0,32040
3050,1137.0,74.0,0,80.0,32430
3051,1137.0,74.0,0,80.0,33330
3052,1137.0,74.0,0,80.0,33810
3053,1137.0,74.0,0,80.0,34350
3054,1137.0,74.0,0,80.0,34890
3055,1137.0,74.0,0,80.0,35430
3056,1137.0,74.0,0,80.0,36030
3057,1137.0,74.0,0,80.0,36690
3058,1137.0,74.0,0,80.0,37350
3059,1137.0,74.0,0,80.0,38010
3060,1137.0,74.0,0,80.0,38700
3061,1137.0,74.0,0,80.0,39390
3062,1137.0,74.0,0,80.0,40080
3063,1137.0,74.0,0,80.0,40770
3064,1137.0,74.0,0,80.0,41460
3065,1137.0,74.0,0,80.0,42150
3066,1137.0,74.0,0,80.0,42840
3067,1137.0,74.0,0,80.0,43560
3068,1137.0,74.0,0,80.0,44280
3069,1137.0,74.0,0,80.0,45000
3070,1137.0,74.0,0,80.0,45720
3071,1137.0,74.0,0,80.0,46440
3072,1137.0,74.0,0,80.0,47160
3073,1137.0,74.0,0,80.0,47880
3074,1137.0,74.0,0,80.0,48600
3075,1137.0,74.0,0,80.0,49320
3076,1137.0,74.0,0,80.0,50010
3077,1137.0,74.0,0,80.0,50670
3078,1137.0,74.0,0,80.0,51270
3079,1137.0,74.0,0,80.0,51870
3080,1137.0,74.0,0,80.0,52410
3081,1137.0,74.0,0,80.0,52890
3082,1137.0,74.0,0,80.0,53370
3083,1137.0,74.0,0,80.0,55260
3084,1137.0,74.0,0,80.0,53850
3085,1137.0,74.0,0,80.0,54330
3086,1137.0,74.0,0,80.0,54810
3087,1137.0,74.0,0,80.0,55680
3088,1137.0,74.0,0,80.0,56100
3089,1137.0,74.0,0,80.0,56550
3090,1137.0,74.0,0,80.0,57000
3091,1137.0,74.0,0,80.0,57450
3092,1137.0,74.0,0,80.0,57930
3093,1137.0,74.0,0,80.0,58410
3094,1137.0,74.0,0,80.0,58890
3095,1137.0,74.0,0,80.0,59370
3096,1137.0,74.0,0,80.0,59850
3097,1137.0,74.0,0,80.0,60330
3098,1137.0,74.0,0,80.0,60810
3099,1137.0,74.0,0,80.0,61290
3100,1137.0,74.0,0,80.0,61770
3101,1137.0,74.0,0,80.0,62250
3102,1137.0,74.0,0,80.0,62730
3103,1137.0,74.0,0,80.0,63210
3104,1137.0,74.0,0,80.0,63690
3105,1137.0,74.0,0,80.0,64170
3106,1137.0,74.0,0,80.0,64680
3107,1137.0,74.0,0,80.0,65190
3108,1137.0,74.0,0,80.0,65730
3109,1137.0,74.0,0,80.0,66300
3110,1137.0,74.0,0,80.0,66930
3111,1137.0,74.0,0,80.0,67620
3112,1137.0,74.0,0,80.0,68370
3113,1137.0,74.0,0,80.0,69150
3114,1137.0,74.0,0,80.0,69960
3115,1137.0,74.0,0,80.0,70770
3116,1137.0,74.0,0,80.0,71610
3117,1137.0,74.0,0,80.0,72480
3118,1137.0,74.0,0,80.0,76110
3119,1137.0,74.0,0,80.0,73350
3120,1137.0,74.0,0,80.0,74250
3121,1137.0,74.0,0,80.0,75180
3122,1137.0,74.0,0,80.0,77070
3123,1137.0,74.0,0,80.0,78060
3124,1137.0,74.0,0,80.0,79050
3125,1137.0,74.0,0,80.0,80070
3126,1137.0,74.0,0,80.0,81120
3127,1137.0,74.0,0,80.0,82170
3128,1137.0,74.0,0,80.0,83250
3129,1137.0,74.0,0,80.0,84360
3130,1137.0,74.0,0,80.0,85470
3131,1137.0,74.0,0,80.0,210
3132,1137.0,74.0,0,80.0,1380
3133,1137.0,74.0,0,80.0,2580
3134,1194.0,490.0,0,80.0,30600
3135,1194.0,490.0,0,80.0,55620
3136,1194.0,490.0,0,80.0,60750
3137,1194.0,490.0,0,80.0,55950
3138,1194.0,490.0,0,80.0,28410
3139,1194.0,490.0,0,80.0,29310
3140,1194.0,490.0,0,80.0,25860
3141,1194.0,490.0,0,80.0,57300
3142,1194.0,490.0,0,80.0,24240
3143,1194.0,490.0,0,80.0,61290
3144,1194.0,490.0,0,80.0,26250
3145,1194.0,490.0,0,80.0,29010
3146,1194.0,490.0,0,80.0,53640
3147,1194.0,490.0,0,80.0,31380
3148,1194.0,490.0,0,80.0,56280
3149,1194.0,490.0,0,80.0,58590
3150,1194.0,490.0,0,80.0,26640
3151,1194.0,490.0,0,80.0,27780
3152,1194.0,490.0,0,80.0,52200
3153,1194.0,490.0,0,80.0,22980
3154,1194.0,490.0,0,80.0,28710
3155,1194.0,490.0,0,80.0,62400
3156,1194.0,490.0,0,80.0,31860
3157,1194.0,490.0,0,80.0,56940
3158,1194.0,490.0,0,80.0,25080
3159,1194.0,490.0,0,80.0,27420
3160,1194.0,490.0,0,80.0,28110
3161,1194.0,490.0,0,80.0,29610
3162,1194.0,490.0,0,80.0,54120
3163,1194.0,490.0,0,80.0,30990
3164,1194.0,490.0,0,80.0,21600
3165,1194.0,490.0,0,80.0,58110
3166,1194.0,490.0,0,80.0,27030
3167,1194.0,490.0,0,80.0,59130
3168,1194.0,490.0,0,80.0,30270
3169,1194.0,490.0,0,80.0,23640
3170,1194.0,490.0,0,80.0,61830
3171,1194.0,490.0,0,80.0,60210
3172,1194.0,490.0,0,80.0,54990
